상품명,판매자,원가격,할인율,판매가
"HL-B2180DW (토너포함) 토너세이브 흑백 레이저프린터","브라더코리아_파트너","377920","23%","289000"
"SL-T1680W 정품 무한 잉크젯 복합기/프린터기 정품잉크포함+오늘출발","삼성전자공식몰","246390","2%","239000"
"브라더 HL-B2180DW 토너세이브 흑백레이저프린터 인쇄 자동양면인쇄 WiFi 신제품","브라더프린터몰","377920","23%","289000"
"SL-T1670W 정품무한 잉크젯 삼성복합기 프린터 잉크포함 오후4시까지 오늘출발","제이유디지탈당일배송","205150","2%","199000"
"HP M111a 흑백레이저프린터 토너포함 A4 1BOX증정행사/KH","공식스토어_KH프라자","None","None","89900"
"브라더 HL-B2180DW 토너세이브 흑백레이저프린터 인쇄 자동양면인쇄 WiFi 신제품","브라더프린터몰","377920","23%","289000"
"HL-B2180DW 흑백 레이저프린터 토너세이브 반값토너","브라더공인스토어","377920","23%","289000"
"DCP-T720DW 무선 무한잉크복합기 / 프린터 WiFi ADF","None","287620","2%","279000"
"브라더 DCP-B7640DW 토너세이브 흑백레이저복합기 인쇄 복사 스캔 자동양면인쇄 WIFI 신제품","브라더프린터몰","477720","22%","369000"
"HL-B2180DW (토너포함) 토너세이브 흑백 레이저프린터","None","377920","23%","289000"
"SL-T2270FW 정품무한 잉크젯복합기S 잉크포함 자동양면 인쇄 복사 스캔 팩스 WiFi 무선지원 프린터기S","None","370000","3%","358900"
"SL-C563W 컬러 레이저복합기무선 토너포함 프린터 인쇄 복사 스캔 와이파이 프린터기S/정부24지원","None","287620","2%","279000"
"SL-J1780W 컬러 잉크젯복합기 잉크포함 프린터 인쇄 복사 스캔 WiFi 무선지원 복합기 프린터기S","None","132880","2%","128900"
"SL-T1680W 정품 무한 잉크젯 복합기/프린터기 정품잉크포함+오늘출발","None","246390","2%","239000"
"브라더 HL-B2180DW 토너세이브 흑백레이저프린터 인쇄 자동양면인쇄 WiFi 신제품","브라더프린터몰","377920","23%","289000"
"TS8290 포토 복합기 프린터 무한잉크 양면인쇄 화이트","클로버플러스","None","None","199000"
"HP 오피스젯프로 7720 A3복합기/프린터/팩스/무한잉크","지오테크잉크","371030","2%","359900"
"DCP-T720DW 무한잉크복합기 양면인쇄 WiFi AS연장행사","브라더프린터몰","287620","2%","279000"
"엡손 L3256 정품 무한잉크 무선 복합기 프린터 공식인증 판매점","None","205250","3%","199000"
"엡손 L3210 정품 무한잉크 복합기 잉크젯 프린터","None","184530","2%","179000"
"캐논 MG3090 잉크젯 프린터 무선 가정용 복합기 잉크포함 공식 인증 판매점","None","53710","3%","52000"
"SL-C513W 컬러 레이저프린터 무선 토너포함 레이져 프린트 와이파이 지원 사무용 가정용 프린터기S","None","205150","2%","199000"
"삼성 SL-T1670 정품무한 잉크젯복합기 잉크포함 삼성 프린터 인쇄 복사 스캔 프린트기S","None","184430","2%","178900"
"SL-T2273W 잉크포함 정품무한 잉크젯 복합기 프린터 인쇄 복사 스캔 WiFi 무선지원 모바일출력 프린터기S","None","277310","2%","269000"
"SL-M2030 흑백 레이저프린터 토너포함 레이져 프린트 사무용 가정용 프린터기 삼성프린터S","None","102060","2%","99000"
"SL-T1680 정품 무한 잉크젯 복합기S 23년신제품 잉크포함 삼성 프린터 인쇄 복사 스캔 스벅쿠폰(선정)S","None","215360","2%","208900"
"SL-M2893FW 흑백 레이저복합기 팩스 무선지원 토너포함 WiFi 프린터 복사 스캔 프린터기S","None","277320","3%","269000"
"SL-T2173W 잉크포함 정품무한 잉크젯 복합기 프린터 인쇄 복사 스캔 WiFi 무선지원 모바일출력 프린터기S","None","246390","2%","239000"
"정품  포토프린터전용용지 KC-18IF  크레딧카드사이즈  스티커 용지 18매","롯데 아이몰","19200","5%","18240"
"LW-K200PK 라벨프린터 라벨기 라벨포함 - 엡손 공식 인증점","대한민국1번가","67730","2%","65700"
"HL-B2180DW 흑백레이저프린터 토너세이브 신제품","None","377920","23%","289000"
"SL-M2630 흑백레이저프린터 (토너포함) 정품인증점 ","None","169580","2","164500"
"L1210 정품무한 컬러 잉크젯 가정용 프린터 잉크포함 ","None","163910","2","159000"
"HL-L3220CW (토너포함) 컬러 레이저프린터 ","None","380410","2","369000"
"SL-M2030 흑백 레이저프린터 토너포함 레이져 프린트 사무용 가정용 프린터기 삼성프린터S","None","102060","2%","99000"
"SL-M2030W 토너포함 흑백레이저프린터기 (스마일배송) 와이파이/정부24지원 ST","None","139170","3%","134700"
"LW-K200KP20 카카오 에디션 라벨프린터+전용파우치 패키지 라벨기 라벨프린터기 라벨테이프 포함","None","116490","2%","113000"
"SL-C513 컬러 레이저프린터 레이져 / 토너포함 (SU) 오후8시까지 오늘출발 스마일배송","None","174220","2%","169000"
"HL-B2180DW 흑백 레이저프린터 토너세이브 반값토너","브라더공인스토어","377920","23%","289000"
"HL-B2180DW (토너포함) 토너세이브 흑백 레이저프린터","None","377920","23%","289000"
"캐논 포토프린터 SELPHY CP1500+RP108 인화지(108매)(화이트)","캐논코리아공식총판점","None","None","223000"
"브라더 HL-B2180DW 토너세이브 흑백레이저프린터 인쇄 자동양면인쇄 WiFi 신제품","브라더프린터몰","377920","23%","289000"
"시노링크 무선 라벨프린터 휴대용 라벨기 빈티지 그린 B21","공식인증샵","99000","30%","69000"
"피넛 라벨프린터 네임스티커 QR코드 바코드 메이커","피넛컴퍼니","None","None","39000"
"SL-M2030 흑백 레이저프린터 토너포함 레이져 프린트 사무용 가정용 프린터기 삼성프린터S","None","102060","2%","99000"
"SL-C513 컬러 레이저 프린터 정품토너포함+오늘출발+","None","174220","2%","169000"
"SL-C513W 가정용 컬러레이저프린터기 무선 와이파이 인쇄기 토너포함","삼성전자온라인몰","205150","2%","199000"
"캐논 포토프린터 SELPHY CP1500 (화이트) 정품 총판","캐논코리아공식총판점","None","None","187000"
"시노링크 휴대용 무선 라벨프린터 NIIMBOT 스티커 인쇄 화이트 D11","공식인증샵","65000","40%","39000"
"ApeosPrint C325dw 컬러레이저 프린터  제록스 신제품","None","514430","2%","499000"
"SL-M2030W 토너포함 흑백레이저프린터기 (스마일배송) 와이파이/정부24지원 ST","None","139170","3%","134700"
"가제트 저온 3d펜 GP3500+5M PCL필라멘트 30색 세트","위드피플즈","None","None","42900"
"SL-M2030 흑백 레이저프린터 레이져 토너포함 오후4시까지 오늘출발","None","102060","2%","99000"
"SL-C513 가정용 컬러레이저프린터기 인쇄기 토너포함","삼성전자온라인몰","174220","2%","169000"
"SL-C513W 컬러 레이저프린터 레이져 무선 토너포함 오후4시까지 오늘출발","None","205150","2%","199000"
"SL-C513 컬러 레이저프린터 레이져 / 토너포함 (SU) 오후8시까지 오늘출발 스마일배송","None","174220","2%","169000"
"브라더 흑백레이저프린터 HL-B2180DW 토너세이브","예스와이솔루션","377920","23%","289000"
"캐논 MG3090 잉크젯 프린터 복합기 잉크포함 공식 인증 판매점","한성앤와이","53710","3%","52000"
"SL-M2030 흑백 레이저프린터 레이져 / 토너포함 (SU) 오후8시까지 오늘출발 스마일배송","None","102060","2%","99000"
"SL-M2843DW 레이저프린터 프린터기 / 양면무선 (SU) 토너포함 오후8시까지 오늘출발 스마일배송","None","215250","2%","208800"
"SL-C513W 컬러 레이저 프린터 정품토너포함+오늘출발+","None","205150","2%","199000"
"엡손 LW-K200PK 핑크 라벨프린터 네임스티커 정품","주식회사잉스","67730","2%","65700"
"HL-L2365DW / 레이저프린터 고속프린팅 무선네트워크","None","205150","2%","199000"
"E569S 상품권만원 잉크젯 복합기 잉크포함","★멀티피씨★","91750","2%","89000"
"SL-M2843DW 토너포함 흑백레이저프린터기 자동양면인쇄/와이파이/네트워크/정부24지원","None","215460","2%","209000"
"SL-M2030 흑백 레이저 프린터 정품 토너포함+오늘출발+","None","102060","2%","99000"
"LW-H200RK20 리락쿠마 에디션 라벨프린터+전용파우치 패키지 라벨기 라벨프린터기 라벨테이프 포함","None","90720","2%","88000"
"시노링크 라벨프린터 NIIMBOT 님봇 라벨기 무선 휴대용 H1S","공식인증샵","99000","32%","67000"
"브라더 흑백레이저복합기 DCP-B7640DW 토너세이브","예스와이솔루션","477720","22%","369000"
"SL-M3220ND 흑백레이저프린터 토너포함 +오늘출발+","None","None","None","289000"
"엡손 PM-401 휴대용 무선 포토 프린터 APP 연결","한성앤와이","190820","3%","185000"
"L18050 정품무한 A3 잉크젯 포토 프린터 상품평행사","온라인대리점","565970","2%","549000"
"HL-L2365DW 흑백레이저프린터 AS연장 행사","브라더프린터몰","205150","2%","199000"
"HL-L3210CW 컬러레이저프린터  무선WIFI","None","308240","2%","299000"
"SL-C513 컬러 레이저프린터 토너포함 레이져 프린터기 사무용 가정용 삼성프린터 프린트기","None","174220","2%","169000"
"SL-M2030 가정용 흑백레이저프린터기 인쇄기 토너포함","삼성전자온라인몰","102060","2%","99000"
"SL-C513 컬러 레이저프린터 (토너포함)","None","174220","2%","169000"
"SL-T2170W 무한잉크복합기 무선 컬러 가정용 잉크젯프린터기 스캐너 복사기 인쇄기 잉크포함","삼성전자온라인몰","243290","2%","236000"
"SL-M2030W 토너포함 흑백레이저프린터기 와이파이/정부24지원","None","139170","2%","135000"
"(JU) SL-M2843DW 레이저프린터 프린터기 / 양면무선 토너포함 오후4시까지 오늘출발","None","215250","2%","208800"
"엡손 LW-K420P10 러블리 라벨프린터 파우치 일체형 라벨테이프 패키지 라벨기 라벨","None","111340","2%","108000"
"시노링크 휴대용 무선 라벨프린터 NIIMBOT 스티커 인쇄 핑크 D11","공식인증샵","65000","40%","39000"
"SL-C513W 무선 레이저프린터 레이져 / 토너포함 (SU) 오후8시까지 오늘출발 스마일배송","None","205150","2%","199000"
"SL-M2030 토너포함 흑백레이저프린터기 (스마일배송) 정부24지원","None","102060","2%","99000"
"SL-C510W 토너포함 컬러레이저프린터기 와이파이/네트워크/정부24 지원 DT","None","174220","2%","169000"
"SL-C513 컬러 레이저프린터 토너포함 레이져 프린터 사무용 가정용 프린터기 삼성프린터S 프린트기","None","174220","2%","169000"
"SL-C513W 컬러 레이저프린터 무선 토너포함 레이져 프린트 와이파이 지원 사무용 가정용 프린터기S","None","205150","2%","199000"
"HP M203dw 레이저프린터 자동양면인쇄/샤오미이어폰증정행사/KH","공식스토어_KH프라자","None","None","309900"
"캐논 총판 정품 캐논 셀피 CP1500","디지탈케이에스","None","None","187000"
"캐논총판 정품 캐논 셀피 CP1500+RP-108","디지탈케이에스","None","None","223000"
"삼성전자 정품 SL-M2030 흑백 레이저프린터 가성비 가정용 프린터기 토너포함","한성앤와이","None","None","129000"
"SL-M2840ND 흑백 레이저 프린터 토너포함 자동양면인쇄 네트워크 LAN연결 가정용 사무용 사무실 프린터기","None","1253640","2%","1216040"
"SL-M3520DW 흑백레이저프린터 토너포함 +오늘출발+","None","None","None","379000"
"SL-M3520DW 흑백 레이저 프린터 정품 토너포함","None","390720","2%","379000"
"시노링크 무선 라벨프린터 휴대용 라벨기 피아노 블랙 B21","공식인증샵","99000","30%","69000"
"HL-L2335D (토너포함) 고속 레이저프린터 / 양면인쇄","None","174220","2%","169000"
"SL-C513 토너포함 컬러레이저프린터기 정부24지원","None","174220","2%","169000"
"SL-C513W 토너포함 컬러레이저프린터기 와이파이/네트워크/정부24지원","None","205150","2%","199000"
"SL-M2630 토너포함 흑백레이저프린터기 정부24지원","None","179890","2%","174500"
"PT-P300BTHK (테이프포함) 키티 블루투스 라벨프린터","None","97930","2%","95000"
"SL-M3220ND 토너포함 흑백레이저프린터기 자동양면인쇄/네트워크/정부24지원","None","297930","2%","289000"
"LW-K200KP 카카오 휴대용 라벨 프린터 네임 테이프포함","온라인대리점","106180","2%","103000"
"엡손 에코탱크 L6290 잉크포함 정품 무한 팩스복합기","온라인정품인증점","339170","2%","329000"
"HL-L2360DN / 레이저프린터 고속프린팅 네트워크 양면","None","163910","2%","159000"
"SL-C513 컬러 레이저프린터 레이져 토너포함 오후4시까지 오늘출발","None","174220","2%","169000"
"SL-C513 컬러 레이저 프린터 토너포함 +오늘출발+","None","174220","2%","169000"
"SL-M3220ND 흑백 레이저 프린터 정품 토너포함 +오늘출발 내일도착+","None","297930","2%","289000"
"CY 캐논 LBP-6033 토너포함 상품권만원증정 정품프린터","★멀티피씨★","123600","2%","119900"
"엡손 LW-K200KP 카카오 라벨프린터 네임스티커 정품","주식회사잉스","106180","2%","103000"
"LBP621CW  토너포함 프린터 상품권1만원","★멀티피씨★","277320","3%","269000"
"SL-M3520DW 토너포함 흑백레이저프린터기 자동양면인쇄/와이파이/네트워크/정부24지원","None","390720","2%","379000"
"HP 8210 프린터+ 무한잉크 공급기장착 8100후속 AS직영~ 펌웨어 걱정없는 무칩방식~","무한테크","300000","1%","297000"
"SL-M2030 흑백 레이저프린터 레이져 프린트 토너포함 프린터기 사무용 가정용 삼성프린터","None","102060","2%","99000"
"휴대용 멀티 스티커 프린터 프릭커 Pricker 블랙","None","112370","2%","109000"
"HP 흑백레이저프린터 M501DN 양면인쇄 유선랜_DH","대현씨앤씨","504120","2%","489000"
"HP T230 디자인젯 플로터 24인치(A1출력) 스탠드미포함","공식스토어_KH프라자","None","None","1190000"
"캐논 셀피 CP1500 포토프린터 사진 인화기 - 화이트 +인화지 RP-108(잉크포함)+파스텔 가방 패키지+셀피앨범","다올모아","None","None","234000"
"SL-C1404W 컬러 레이저 프린터 +토너포함+ 오늘출발","None","None","None","289000"
"시노링크 라벨프린터 NIIMBOT 네임스티커 바코드 QR코드 D110","공식인증샵","65000","43%","36900"
"삼성 SL-M2630ND 흑백 레이저프린터 토너포함 분당26매 자동양면인쇄 네트워크 연결 가정용 사무용 프린터기","None","205150","2%","199000"
"SL-C513W 컬러 레이저프린터 토너포함 레이져 프린터 와이파이지원 사무용 가정용 프린터기 프린트기","None","205150","2%","199000"
"휴대용 멀티 스티커 프린터 프릭커 Pricker 화이트","None","112370","2%","109000"
"휴대용 멀티 스티커 프린터 프릭커 Pricker 핑크","None","112370","2%","109000"
"SPP-IBY 모바일 포토프린터 이미지박스 안드로이드/IOS 호환","None","169000","3%","163930"
"엡손 라벨프린터 LW-H200RK20 리락쿠마 파우치 패키지","주식회사잉스","90720","2%","88000"
"SPP-IBY 모바일 포토프린터 안드로이드/IOS 호환 QR코드 이미지박스+구매전원 포토앨범+스타벅스+","None","None","None","169000"
"엡손 정품 무한잉크 컬러 포토 프린터 L18050 잉크포함 A3 출력 지원 WIFI 지원 CD인쇄 가능","None","565970","2%","549000"
"시노링크 무선 라벨프린터 휴대용 라벨기 브라이트 레드 B21","공식인증샵","99000","30%","69000"
"HL-L3220CW (토너포함) 컬러 레이저프린터","None","380410","2%","369000"
"L8050 정품무한 잉크젯 포토 프린터 무선 상품평행사","온라인대리점","411340","2%","399000"
"HL-L2360DN 레이저프린터 자동양면인쇄","None","163910","2%","159000"
"HL-L2365DW 레이저프린터 양면인쇄 무선WiFi","None","205150","2%","199000"
"HL-L2335D 레이저프린터 자동양면인쇄","None","153600","2%","149000"
"삼성 SL-J3520W 컬러 잉크젯프린터 잉크포함 프린터기 WiFi 무선지원 자동양면 정부24지원","None","267010","2%","259000"
"SL-M3220ND 토너포함 흑백 레이저 프린터 자동양면인쇄 네트워크 분당32장 출력 프린터기","None","297930","2%","289000"
"SL-M3220ND 흑백 레이저 프린터 토너포함 자동양면인쇄 네트워크 분당32장출력 프린터기S","None","297930","2%","289000"
"가제트 저온 3d펜 GP3500 3d프린터 쓰리디펜 PCL","위드피플즈","None","None","25900"
"EOPI 엡손 에코탱크 L1210 잉크포함 무한잉크 프린터","None","163910","2%","159000"
"엡손 LW-K200KP20 카카오프렌즈 가정용 라벨프린터 파우치 패키지 카카오 라벨기 라벨","None","119070","2%","115500"
"엡손 LW-K200DA10 디즈니 곰돌이푸 라벨프린터 정품 카트리지 포함 곰돌이푸 이모티콘 라벨출력","주식회사잉스","118550","2%","115000"
"엡손 정품 무한잉크 컬러 포토 프린터 L8050 잉크포함 WIFI 지원 CD인쇄 가능","None","411340","2%","399000"
"시노링크 휴대용 무선 라벨프린터 NIIMBOT 스티커 인쇄 블랙 D11","공식인증샵","65000","40%","39000"
"시노링크 휴대용 무선 라벨프린터 NIIMBOT 스티커 인쇄 민트 D11","공식인증샵","65000","40%","39000"
"SL-C513W 컬러 레이저프린터 무선Wi-Fi (정품토너포함)","None","205150","2%","199000"
"SL-M2630 흑백레이저프린터 (토너포함) 정품인증점","None","169580","2%","164500"
"SL-M3220ND 흑백레이저프린터 양면인쇄 (토너포함)","None","297930","2%","289000"
"LW-K200KP10 카카오 휴대용 라벨 프린터 테이프포함","온라인대리점","111340","2%","108000"
"LW-K420 파우치형 휴대용 라벨 프린터 네임 테이프포함","온라인대리점","103500","2%","100400"
"SL-C1404W 컬러 레이저프린터 토너포함 A4 분당14매 WiFi 무선지원 프린터기","None","1297930","2%","1259000"
"SL-M3220ND 레이저프린터 프린터기 / 양면 네트워크 토너포함 오후4시까지 오늘출발","None","297930","2%","289000"
"HL-L2360DN 흑백레이저프린터 유선랜 자동양면인쇄 AS연장행사","브라더프린터몰","163910","2%","159000"
"HL-L2335D 흑백레이저프린터 양면인쇄 / AS연장행사","브라더프린터몰","256700","2%","249000"
"LBP223DW 토너포함 프린터 상품권10000원증정  재고보유","★멀티피씨★","None","None","350000"
"쉐어3(SP-3)블랙/휴대용/포토 프린터 /미피펜+앨범","GL네트웍","199000","5%","189050"
"HP M454DW 컬러레이저프린터 토너포함 자동양면인쇄 유무선네트워크/IP","아이플러스원","None","None","649000"
"엡손 정품 오피스용 라벨 프린터 LW-K740WH 4mm ~ 24mm 라벨테이프 사용 가능","None","194840","2%","189000"
"SL-M3520DW 흑백 레이저 프린터 프린터기 / 토너포함 오후4시까지 오늘출발","None","390720","2%","379000"
"SL-M3520DW 토너포함 흑백 레이저 프린터 자동양면인쇄 WiFi 무선지원 분당35장 네트워크 프린터기","None","390720","2%","379000"
"HP M255nw 컬러레이저프린터 유무선네트워크 해피머니증정행사/KH","공식스토어_KH프라자","None","None","319000"
"HP M255dw 컬러레이저프린터 양면인쇄 유무선네트워크/해피머니증정행사/KH","공식스토어_KH프라자","None","None","394000"
"정품 A3잉크젯 캐논 iX6770 잉크포함 잉크젯프린터 재고보유","★멀티피씨★","246390","2%","239000"
"SL-C513W 토너포함 컬러레이저프린터기 (스마일배송) 와이파이/네트워크/정부24지원","None","205150","2%","199000"
"LW-K420P10 파우치형 휴대용 라벨 프린터 테이프포함","온라인대리점","108240","2%","105000"
"ApeosPortPrint 3410SD 흑백 레이저 프린터 상품평행사","온라인대리점","225770","2%","219000"
"LW-K740WH 휴대용 라벨 프린터 사무 PC연결 테이프포함","온라인대리점","194840","2%","189000"
"LW-K200DA 곰돌이 푸 휴대용 라벨 프린터 테이프포함","온라인대리점","102060","2%","99000"
"LW-K200DA10 곰돌이 푸 휴대용 라벨 프린터 테이프포함","온라인대리점","118550","2%","115000"
"SL-M2030 흑백레이저프린터 (토너포함) 정품인증점","None","102060","2%","99000"
"CY 캐논 LBP-6033W 토너포함 상품권만원 레이저 프린터","★멀티피씨★","133910","2%","129900"
"쉐어3(SP-3)화이트/휴대용/포토프린터 /미피펜+앨범","GL네트웍","199000","5%","189050"
"HP M155a 컬러레이저프린터 해피머니상품권행사/KH","공식스토어_KH프라자","None","None","274000"
"HP M155nw 컬러레이저프린터 유무선네트워크/포토상품평행사/KH","공식스토어_KH프라자","None","None","314000"
"HP M211D 흑백레이저프린터 토너포함 자동양면인쇄/KH","공식스토어_KH프라자","None","None","139900"
"HP M211DW 흑백레이저프린터 무선네트워크/양면인쇄/해피머니증정행사/KH","공식스토어_KH프라자","None","None","162900"
"LW-K200KP20 카카오 휴대용 라벨 프린터 테이프포함","온라인대리점","116490","2%","113000"
"HP M111w 흑백레이저프린터 해피머니증정행사/K","공식스토어_KH프라자","None","None","117900"
"엡손X곰돌이푸 엡손 라벨프린터  LW-K200DA 라벨기 휴대용 라벨프린터 라벨테이프 곰돌이푸 라벨프린터","None","102060","2%","99000"
"CSCJ 캐논 정품 TS7790A 잉크젯 복합기 ADF 인쇄 복사 스캔 WIFI","주식회사인스토어","178350","2%","173000"
"엡손 XP-15010 A3 컬러 잉크젯 포토 프린터 인화기 엡손 공식 인증 판매점","한성앤와이","380510","3%","369000"
"HP OJ 8210 인쇄전용 +무한잉크1000ml 설치 /병행수입 / HP8210","프린터와오피스","308240","2%","299000"
"LW-H200RK 리락쿠마 휴대용 라벨 프린터 테이프포함","온라인대리점","79170","2%","76800"
"LW-K200PK 휴대용 라벨 프린터 네임스티커 테이프포함","온라인대리점","67730","2%","65700"
"캐논 G595 정품무한 잉크젯 포토 프린터","온라인대리점","308240","2%","299000"
"캐논 인스픽 P2 펄화이트 PV-223 휴대용 포토프린터 스마트폰 사진출력 스티커사진","온라인대리점","143290","2%","139000"
"엡손 에코탱크 포토 L8050 잉크포함 정품무한 잉크젯 프린터 A4 인쇄","온라인정품인증점","411340","2%","399000"
"엡손 리락쿠마 라벨프린터 LW-H200RK","None","80840","4%","76800"
"LW-H200RK10 리락쿠마 휴대용 라벨 프린터 테이프포함","온라인대리점","85560","2%","83000"
"LW-H200RK20 리락쿠마 휴대용 라벨프린터 테이프포함","온라인대리점","90720","2%","88000"
"HP M111a 흑백레이저프린터 토너포함 A4 1BOX증정행사/KH","공식스토어_KH프라자","None","None","89900"
"HP 레이저젯 4003DN 흑백레이저프린터 토너포함 자동양면인쇄 유선네트워크 M404DN후속/IP","아이플러스원","None","None","379000"
"삼성 CLP-680ND 컬러 레이저 프린터 24매 양면인쇄 토너포함 양면 네트웍","365정품몰","400000","2%","389000"
"캐논 NEW정품무한잉크 프린터 G5090 (잉크포함)_DH","대현씨앤씨","275250","2%","267000"
"캐논 흑백레이저프린터 LBP-223DW  (토너포함)_DH","대현씨앤씨","236080","2%","229000"
"SL-M2843DW 레이저프린터 무선/양면출력 (토너포함)","None","215460","2%","209000"
"캐논 인스픽 P2 로즈골드 PV-223 휴대용 포토프린터 스마트폰 사진출력 스티커사진","온라인대리점","143290","2%","139000"
"캐논 인스픽 S2 인디핑크 폴라로이드 즉석카메라 포토프린터 휴대용 사진출력 인화 스티커사진","온라인대리점","174220","2%","169000"
"캐논 셀피스퀘어 QX10 민트 휴대용 포토프린터 핸드폰 사진 인화기 스티커사진","온라인대리점","179380","2%","174000"
"엡손 에코탱크 L11050 잉크포함 A3+ 무한잉크 잉크젯프린터 컬러프린터 프린터기 WiFi","온라인정품인증점","514430","2%","499000"
"SL-M2030 토너포함 흑백레이저프린터기 정부24지원","None","102060","2%","99000"
"SL-C513 토너포함 컬러레이저프린터기 (스마일배송) 정부24지원","None","174220","2%","169000"
"HP M203d 흑백레이저프린터 포토상품평이어폰증정행사/양면인쇄/KH","공식스토어_KH프라자","None","None","259900"
"(DH)캐논 레이저프린터 LBP 6033 (토너포함) _빠른출고","대현씨앤씨","123600","2%","119900"
"(DH)캐논 레이저프린터 LBP 6033W (토너포함) 캐논정품","대현씨앤씨","133910","2%","129900"
"삼성 SL-J3520W 인쇄전용 +무한잉크1000m설치/무칩제품","프린터와오피스","297930","2%","289000"
"LW-K420 라벨프린터 파우치 일체형 아내의맛 소개","주식회사잉스","103500","2%","100400"
"정품 레이저프린터 HL-L2335D A4 34PPM","브라더공인스토어","153600","2%","149000"
"정품 레이저프린터 HL-L2365DW 흑백 자동양면인쇄","브라더공인스토어","205150","2%","199000"
"정품 레이저프린터 HL-L2360DN 흑백 고속","브라더공인스토어","163910","2%","159000"
"캐논 G1920 빌트인 정품 무한잉크 프린터 잉크포함","★멀티피씨★","143290","2%","139000"
"캐논 IX6870 잉크젯 프린터 A3 잉크포함 재고보유","★멀티피씨★","287620","2%","279000"
"엡손 LW-K200KP10 카카오 라벨프린터 라벨테이프패키지 오늘출발","주식회사잉스","111340","2%","108000"
"엡손 라벨프린터 LW-K200KP20 카카오 파우치패키지 오늘출발","주식회사잉스","116490","2%","113000"
"LW-K420P10 라벨프린터 라벨 테이프 패키지","주식회사잉스","108240","2%","105000"
"캐논 셀피 CP1500 포토프린터 사진 인화기 - 핑크 +인화지54매(잉크포함)+파스텔 가방 패키지+셀피앨범","다올모아","None","None","213000"
"미니 링크2/휴대용/포토 프린터 화이트_필름+가방+선물","GL네트웍","None","None","206900"
"HP 레이저젯 프로 3003DW 흑백레이저프린터 양면인쇄 유무선네트워크 해피머니증정행사/KH","공식스토어_KH프라자","None","None","289900"
"엡손 LW-K200DA 디즈니 곰돌이푸 라벨프린터 정품 카트리지 포함 곰돌이푸 이모티콘 라벨출력","주식회사잉스","102060","2%","99000"
"HP 흑백레이저 프린터 M706N 최대지원용지 A3지원 유선랜 토너포함_DH","대현씨앤씨","680410","2%","660000"
"HP 정품 컬러레이저프린터 M555DN 토너포함_유선네트워크_38ppm_당일출고_DH 자동양면인쇄 (토너포함)","대현씨앤씨","None","None","802580"
"캐논 컬러레이저프린터 LBP 623cdw (토너포함)_DH","대현씨앤씨","411340","2%","399000"
"엡손 에코탱크 포토 L18050 잉크포함 정품무한 잉크젯 프린터 A3+인쇄 포토프린터","온라인정품인증점","565970","2%","549000"
"엡손 LW-H200RK 리락쿠마 라벨프린터 네임스티커 정품 오늘출발","주식회사잉스","79170","2%","76800"
"3D펜 저온형 충전식 (저온 블루펜 + PCL 필라멘트 20종) 세트","TOP3D","None","None","56800"
"엡손 라벨프린터 LW-C410 네임스티커","주식회사잉스","87620","2%","85000"
"HP 컬러레이저프린터 M454DN 양면인쇄 유선네트워크_DH","대현씨앤씨","607210","2%","589000"
"캐논 컬러레이저프린터 LBP 621cw  (토너포함)_DH","대현씨앤씨","277310","2%","269000"
"PRO-200 A3 포토 프린터 전문가용 8색 염료잉크 포함v","온라인대리점","711340","2%","690000"
"캐논 셀피스퀘어 QX10 핑크 휴대용 포토프린터 핸드폰 사진 인화기 스티커사진","온라인대리점","179380","2%","174000"
"LW-K200DD 스파이디 스파이더맨 휴대용 라벨 프린터 네임스티커 테이프포함","온라인대리점","102060","2%","99000"
"캐논 TR150  휴대용프린터 고급전용가방증정","★멀티피씨★","308240","2%","299000"
"M S T-5000 튜브넘버링기 튜브터치 리본 라벨 프린터","(주)이제이정보시스템","None","None","825000"
"소다소라 3D펜 3디펜 고급형 3d펜 KC 유튜브 RP800A","소다소라","None","None","43000"
"(벧엘)SL-M2030 흑백 레이저 프린터(정품토너포함)","(주)벧엘씨앤씨","102060","2%","99000"
"TOP3D 3D펜 고급형 PLA 필라멘트 (800A + 국산 PLA 10색)","TOP3D","49500","7%","46000"
"쉐어3(SP-3)화이트/휴대용/포토프린터 투명케이스+2종","GL네트웍","207000","5%","196650"
"엡손 라벨프린터 오피스 LW-K740WH PC사용 자동컷팅 라벨기 라벨포함","주식회사잉스","194840","2%","189000"
"캐논 정품 SQUARE QX10 핑크 포토프린터 셀피스퀘어 핸드폰 사진 인화기 오늘출발 빠른수령 빠른배송","주식회사잉스","None","None","1845300"
"미니 링크2/휴대용/포토 프린터 핑크/필름+가방 +선물","GL네트웍","None","None","206900"
"라벨프린터 PT-D610BT (휴대+PC용)/6mm~24mm/블루투스 라벨기","신도OA서비스","None","None","239000"
"이지드로잉 라벨프린터 미니 휴대용 라벨기 프린터기 ED22 그린 / 사은품 화이트라벨지증정","투지샵","None","None","65000"
"알쏭달쏭 캐치티니핑 미스틱하트윙 알쏭달쏭티니핑 미스틱 하트윙 알쏭달쏭티니핑 미스틱하트윙","쵸이스데이","None","None","143200"
"캐논 셀피스퀘어 QX10 화이트 휴대용 포토프린터 핸드폰 사진 인화기 스티커사진","온라인대리점","179380","2%","174000"
"가제트 3D펜 GP3000+5M PLA 필라멘트 세트(24색)","위드피플즈","None","None","52900"
"TOP3D 3D펜 고온 일반형 (500A 블루+ 국산 PLA 30색)","TOP3D","None","None","49600"
"미니 링크2/휴대용/포토 프린터 블루/필름+가방 +선물","GL네트웍","None","None","206900"
"반짝반짝 캐치티니핑 반짝반짝티니핑 반짝반짝보석함 마카롱가게 티니핑놀이터 티니핑키링다이어리","쵸이스데이","None","None","64700"
"가제트 3d펜 GP2000+5M PLA 필라멘트 세트(16색)","위드피플즈","None","None","39900"
"HP M454DN 컬러레이저프린터 토너포함 자동양면인쇄 유선네트워크/IP","아이플러스원","None","None","589000"
"캐논 PIXMA G1910 상품권만원증정 프린터 잉크포함","★멀티피씨★","None","None","150000"
"SL-M3520DW 토너포함 흑백 레이저 프린터 자동양면인쇄 WiFi 무선지원 네트워크연결 프린터기S","None","390720","2%","379000"
"ApeosPort PC2410SD 컬러 레이저 프린터 상품평행사","온라인대리점","390720","2%","379000"
"PT-P710BT 라벨프린터(휴대+PC용) 6mm~24mm/블루투스","신도OA서비스","None","None","170000"
"CSCJ 캐논 정품 TS7790 잉크젯 복합기 인쇄 복사 스캔 WIFI","주식회사인스토어","157730","2%","153000"
"삼성 무한 컬러 레이저 복합기 프린터 SL-C563W","SD잉크","None","None","279000"
"epson(엡손) L1300 정품무한 A3 프린터 잉크포함","주식회사잉스","1514630","2%","1469200"
"엡손 정품무한 L11160 A3 비즈니스 프린터","주식회사잉스","None","None","978350"
"HP 레이저젯 프로 3003DN 흑백레이저프린터 토너포함 해피머니증정행사/KH","공식스토어_KH프라자","None","None","268900"
"쉐어3(SP-3)블랙/휴대용/포토 프린터 /투명케이스+2종","GL네트웍","207000","5%","196650"
"PRO-300 A3 포토 프린터 전문가용 10색 안료잉크 포함v","온라인대리점","854630","2%","829000"
"엡손 에코탱크 포토 L18050 잉크포함 정품무한 잉크젯 프린터 A3+인쇄 포토프린터","온라인정품인증점","565970","2%","549000"
"HL-L2360DN 레이저프린터 유선랜 자동양면인쇄","브라더프린터몰","163910","2%","159000"
"정품 PC전용 라벨프린터 PT-P700 (TZe 6mm~24mm가능)","신도OA서비스","None","None","135000"
"엡손 라벨프린터 LW-H200RK10 리락쿠마 패키지 오늘출발","주식회사잉스","85560","2%","83000"
"와이드링크/폴라로이드/즉석 카메라 2종선물_화이트","GL네트웍","None","None","210000"
"삼성 SL-C513 컬러 레이저 프린터 토너포함 18ppm  + 여행용파우치6종세트","365정품몰","174000","2%","169000"
"라벨프린터 PT-D460BT 휴대용 블루투스 라벨기 /6mm~18mm","신도OA서비스","None","None","189000"
"SL-M3520DW 흑백레이저프린터 분당35매 네트웍프린터","None","390720","2%","379000"
"(벧엘)SL-C513 컬러레이저 프린터(정품토너포함)","(주)벧엘씨앤씨","174220","2%","169000"
"(벧엘)SL-C513W 컬러레이저 프린터(정품토너포함)","(주)벧엘씨앤씨","205150","2%","199000"
"PRO-500 A2 A3 포토 프린터 전문가용 12색 안료잉크 v","온라인대리점","1845360","2%","1790000"
"HL-L3220CW 컬러 레이저프린터 인쇄 WiFi","브라더프린터몰","380410","2%","369000"
"HP8210 무한잉크 가정용 사무용 무한 프린터 프린터기","토이플라이","None","None","349000"
"삼성SL-J3520W 무한잉크 가정용 무한 프린터 프린터기","토이플라이","None","None","339000"
"캐논 컬러레이저 프린터 LBP720Cx 오피스 고속인쇄 자동양면인쇄 무선네트워크","주식회사잉스","923710","2%","896000"
"캐논 컬러레이저 프린터 LBP722Cx 오피스 고속인쇄 자동양면인쇄 무선네트워크","주식회사잉스","1026800","2%","996000"
"HP 레이저젯 4003DW 흑백프린터 유무선네트워크 자동양면인쇄 토너포함 자동양면/무선네트워크/I","아이플러스원","None","None","499000"
"HP 레이저젯 4203DN 컬러 레이저 프린터 토너포함 자동양면인쇄 유선네트워크 /IP","아이플러스원","None","None","659000"
"HP 레이저젯 4203DW 컬러 레이저 프린터 토너포함 자동양면인쇄 유무선네트워크 /IP","아이플러스원","None","None","689000"
"엡손 LW-K200DD 스파이더맨 라벨프린터 정품 카트리지 포함 스파이더맨 이모티콘 라벨출력","주식회사잉스","102060","2%","99000"
"엡손 픽처메이트 베이직팩 무선 모바일 포토 프린터 APP 연결","한성앤와이","205150","2%","199000"
"엡손 픽처메이트 기프트팩 무선 모바일 포토 프린터 APP 연결","한성앤와이","267010","2%","259000"
"브라더 HL-L3220CW 컬러 레이져 와이파이 프린터","예스와이솔루션","380410","2%","369000"
"말하는캐치티니핑 티니핑 꾸래핑 하츄핑 나나핑 쏠찌핑/반짝반짝 말하는 캐치티니핑 말하는티니핑","쵸이스데이","None","None","56700"
"사은품증정/BROTHER/라벨프린터/라벨터치/PT-D600","(주)이제이정보시스템","None","None","200000"
"QL-800 (DK테잎12mm~62mm) (QL-700후속) DK22251지원","신도OA서비스","None","None","220000"
"미니특공대 슈퍼공룡파워 최강경찰 미니특공대 패트롤디바이스 패트롤캅 애니멀트론 라이온 코라 빅콩 호크","쵸이스데이","None","None","49800"
"브라더 MFC-L3760CDW 컬러 레이져 복합기","예스와이솔루션","720610","2%","699000"
"브라더 DCP-L3520CDW 컬러 레이져 복합기","예스와이솔루션","565970","2%","549000"
"XPrinter 라벨 송장프린터(XP-DT108B) 블랙","바코드마트총판","76000","10%","68200"
"LW-K200PK 라벨프린터 라벨기 라벨포함 - 엡손 공식 인증점","대한민국1번가","67730","2%","65700"
"뉴 사나고3D펜 PLA필라멘트 20색세트","사나고샵","None","None","96400"
"콘비모바일프린터포토프린터 콘비모바일프린터포토프린터","프릭커","None","None","159000"
"라벨프린터 PT-P300BT  12mm라벨테이프 증정","징크몰","None","None","79000"
"XPrinter 라벨송장프린터(XP-DT108B)  화이트","바코드마트총판","76000","10%","68200"
"사나고 3D펜 고급형 펜형 NEW사나고펜 우드버닝 인두기","사나고샵","None","None","79500"
"밀크펜 크림소다맛 어린이 저온 3D펜 세트 안전한 어린이용 저온 쓰리디펜 필라멘트 3색 포함","3D펜","61500","56%","26950"
"정품삼성전자 SL-C510W 컬러레이저프린터 WiFi 토너포함","삼성이지스토어","173000","7%","160890"
"삼성전자 삼성 SL-M2035 정품토너포함 삼성정품 흑백 레이저 프린터","디지털런컴","95810","4%","91800"
"라벨프린터 미니 네임 무선 휴대용프린터 복사기 초소형 라벨 프린터+검정 카트리지","직구다냥","None","None","287000"
"캐논 포토프린터 SELPHY CP1500 (핑크) 정품 총판","캐논코리아공식총판점","None","None","187000"
"캐논 포토프린터 SELPHY CP1500+RP108 인화지(108매)(핑크)","캐논코리아공식총판점","None","None","223000"
"미니 라벨프린터 D30S +라벨스티커 스마트폰 블루투스 연동 라벨기","None","40000","2%","38900"
"라벨프린터 PT-D200LB 라벨기 브라더 호환어댑터 증정","징크몰","None","None","89000"
"Xprinter 후속 바코드프린터 출력기 생성기 기계 4B-2054N","하이하이몰","None","None","93900"
"에코탱크 L121 정품 무한잉크프린터 프린터기 잉크포함","대한민국1번가","143290","2%","139000"
"LW-K200KP20 카카오 에디션 라벨프린터+전용파우치 패키지 라벨기 라벨프린터기 라벨테이프 포함","None","116490","2%","113000"
"라벨프린터 D101 라벨기 님봇 NIIMBOT 스티커 프린터","시노링크","None","None","49000"
"삼성전자 레이저프린터 흑백 SL-M2035 1200dpi EBT","에티버스이비티","None","None","93000"
"삼성 SL-C513W 컬러레이저프린터 SL-C51xW","MD전산","None","None","182400"
"삼성전자 SL-M2035 (기본토너) 흑백 레이저 프린터","디지털런컴","98610","6%","91800"
"샌디마로 민트색 라벨기 미니 휴대용 스티커 포토 메모지 라벨프린터","아이에스테크","None","None","79000"
"샌디마로 핑크색 라벨기 미니 휴대용 스티커 포토 메모지 라벨프린터","아이에스테크","None","None","79000"
"무선 라벨프린터 B21 휴대용 라벨기 피아노 블랙","시노링크","99000","30%","69000"
"삼성전자 레이저프린터 컬러 2400dpi(SL-C515W/토너포함) / KW","디아몰주식회사","207780","None","206770"
"코닥 미니 2 레트로 카트리지 60매 번들(엘로우)","코닥포토프린터","189000","26%","139000"
"사나고 저온3D펜 내가그린기린펜 PCL전용","사나고샵","None","None","74900"
"삼성전자 SL-M2630ND (기본토너) 토너포함 흑백레이저프린터기 자동양면인쇄/네트워크/정부24지원","SCM스토어","None","None","189490"
"부라더정품 라벨프린터 PT-D600 /휴대 + PC연결 혼합형 / 24mm까지 지원","게스빌","196000","None","195000"
"마로마로 화이트 에그형 미니 바코드 휴대용 라벨프린터 스티커라벨 라벨테이프1개증정","징크몰","None","None","39000"
"LW-K200DA 곰돌이푸 에디션 라벨프린터 라벨기 라벨프린터기 라벨테이프 포함","None","102160","3%","99000"
"네임택 출력기 운송장 바코드 롤링기 스티커 감열지","구매구매팜","None","None","138700"
"SL-C513W 무선 컬러 레이저프린터 인쇄기 토너포함","None","205150","2%","199000"
"LW-K200KP20 카카오 라벨프린터+전용파우치 패키지","대한민국1번가","119070","2%","115500"
"에코탱크 L1210 정품 무한잉크 프린터 잉크포함 - 엡손 공식 인증점","None","163910","2%","159000"
"캐논 포토프린터 SELPHY CP1500 (블랙) 정품 총판","캐논코리아공식총판점","None","None","187000"
"브라더 라벨프린터 PT-D600 휴대 및 PC연결형 라벨기 바코드 프린터","미래프린텍","200000","None","199000"
"엡손 LW-K200DA10 곰돌이푸 라벨프린터+디즈니 라벨테이프 패키지 기본라벨 포함 - 엡손 공식 인증점","대한민국1번가","118550","2%","115000"
"JINGCHEN NIMBOT 님봇 B21 휴대용 무선 다기능 라벨 프린터 블루투스 단품 화이트","썬데일리홈","None","None","39300"
"HL-L3220CW 컬러레이저프린터 무선WiFi 신제품","None","380410","2%","369000"
"Epson LQ-590HII 리본포함 80칼럼 도트프린터 패러럴","온라인정품인증점","None","None","699000"
"라벨프린터 PT-P710BT 흰색 라벨기 12mm라벨테이프증정","징크몰","None","None","170000"
"캐논 포토프린터 셀피스퀘어 QX10 민트 + XS-20L 용지","캐논코리아공식총판점","None","None","174000"
"삼성전자 SL-C510 컬러레이저프린터 토너포함","삼성이지스토어","144550","2%","140220"
"캐논 공식총판 셀피 CP1500 (핑크) + RP-108","DigitalKS","None","None","223000"
"라벨프린터 PT-D200 라벨기 12mm라벨테이프 증정","징크몰","None","None","74000"
"샤오미 포토프린터 스마트폰 사진 인쇄 당일출고 정품","티로니","None","None","79800"
"무선 라벨프린터 D110P 휴대용 네임스티커 화이트컬러","시노링크","65000","43%","36900"
"휴대용 미니 와이드 프리미엄 라벨프린터 D50 제이드 그린","None","None","None","68900"
"프린터케이블 25Core 10M/프린터케이블/프린터연결선/프린터연결케이블/프린터선/프린터전원선/프린터전원","제이엠컴","55460","60%","21630"
"무한 컬러레이저프린터 SL-C510 (정품 이미징유닛 장착 / 무한토너 포함)","라온잉크","None","None","159000"
"엡손 휴대용 포토프린터 PM-401 5x7사이즈 인쇄 WIFI 지원 잉크포함","주식회사인스토어","201080","2%","195050"
"디자인아지트 기성휴대용 라벨 프린터 님봇D-11 화이트","디자인아지트","None","None","39000"
"삼성전자 SL-C510 정품토너포함 - 가나다","가나다_샵","148980","5%","140520"
"브라더 MFC-L3760CDW 컬러 레이저 복합기 (토너포함) 양면인쇄 무선WiFi 팩스","브라더코리아_서울","720610","2%","699000"
"브라더 TZ 테이프 TZ-111 6mm/라벨테이프/라벨테이프/라벨프린터테이프/라벨기테이프/라벨스티커/다용도라","(주)제이아트","97030","60%","37850"
"미니 라벨프린터기 초코곰돌이 D30S 라벨지1개증정","None","None","None","35900"
"실루엣 카메오4 플러스 15인치 토퍼 레터링풍선 창업 부업 커팅기 3종이벤트 사은품증정","실루엣스토어","None","None","560000"
"님봇라벨기 이름표 스티커 라벨 인쇄기 바코드niimbot b1b3sb21b203 용지","라나의상점","None","None","37300"
"(브라더) TZ-테이프 TZ-621 9mm/라벨테이프/라벨테이프/라벨프린터테이프/라벨기테이프/라벨스티커/다용도","주식회사로하스","95580","60%","37280"
"휴대용프린터 WF-100 잉크포함 프린터기 프린터  내장배터리포함 전원케이블 없이 출력가능","대한민국1번가","328860","2%","319000"
"브라더 라벨프린터 PT-P900W/ 매우빠른 인쇄속도","OAplus","None","None","398000"
"미니 라벨프린터기 핑크돼지D30S 블루투스 라벨포함","None","None","None","35900"
"코닥 도크 2 포토프린터+카트리지 80매+악세사리 번들","코닥포토프린터","279000","25%","209000"
"캐논 인스픽P2 PV-223 휴대용 포토프린터 펄화이트+사은품 인화지 20매+크리스마스 패키지","정품mall","143290","2%","139000"
"엡손 정품 LW-K200BL 라벨프린터 스티커 프린터 출력 EPSON","용산전자스토어","69500","4%","66500"
"인스픽P2 PV-223 휴대용 포토프린터 로즈골드+사은품 인화지 20매","None","None","None","139000"
"IjvqR 캐논 PG-810 CL-811 정품잉크 세트 IP2770 hp정품드럼 오키정품드럼 삼성정품드럼 정품드럼 재생드럼","에스포유","304410","60%","118720"
"EPSON 라벨기/정리정돈 필수/네임스티커/스티커라벨기","OAplus","66000","None","65900"
"삼성전자 삼성 CLP-680ND 토너포함 빠른배송","디지털런컴","None","None","412000"
"마루미르 프리투 3D펜 무선 저온 PCL B세트(핑크/블루)","마루미르3D펜","None","None","47800"
"점자 리본 프린터 엠보싱 테이프 플라스틱 엠보싱 라벨 테이프 라벨 메이커","씨유1","None","None","21800"
"엡손 라벨프린터 LW-K200RK","이루미컴퍼니","None","None","79000"
"삼성 흑백 레이저 프린터 (양면인쇄) 33 ppm SL-M3510ND","가전특가몰","None","None","261000"
"JINGCHEN NIMBOT 님봇 B21 휴대용 무선 다기능 라벨 프린터 블루투스 화이트+용지 2롤","썬데일리홈","None","None","48900"
"라벨기 라벨 무지용지 10롤 라벨기 용지 라벨프린터","제이엠컴","23120","60%","9020"
"SL-M2630ND 흑백레이저프린터 사무용 네트워크 양면인쇄기 토너포함","삼성전자온라인몰","None","None","199000"
"캐논 정품 LBP841Cdnz 컬러레이저프린터","온마트코리아","1608980","None","1608880"
"SL-M2035 흑백 레이저 프린터 토너포함 정품 +오늘출발+","None","None","None","94700"
"신형 드리미82 열프레스 평판프레스 열프레스 그립톡","디자인드림(승화전사)","None","None","457540"
"EOPI 엡손프린터 엡손 L11160 A3 무한잉크프린터","주식회사인스토어","978350","2%","949000"
"HP M554dn 컬러레이저프린터/네트워크출력 토너포함/1","아이플러스원","759000","None","758000"
"엡손 카카오프렌즈 라벨프린터 패키지 LW-K200KP10","주식회사인스토어","113680","4%","108000"
"포토프린터 스마트폰 사진 출력 인화지 (20매입)","티로니","None","None","14800"
"브라더 라벨프린터 PT-P900W 고속 고해상도 전문가용","미래프린텍","398000","None","395000"
"페이지 라벨프린터 라벨기 본체+11종 올인원 세트","smartinc","None","None","229000"
"네모닉라벨 / 라벨프린터 / 3x2인치 라벨 카트리지 제공  / 화이트","망고슬래브스토어","179300","16%","149000"
"캐논 셀피 CP1500+RP-108+필름+파우치세트 화이트","악세사리총판_SMJ","None","None","240000"
"캐논 셀피 CP1500+KP-108IN+필름+파우치세트 화이트","악세사리총판_SMJ","None","None","245000"
"에코탱크 L8050 잉크포함 정품 무한 포토 프린터 와이파이 엡손 공식 인증점","대한민국1번가","411340","2%","399000"
"브라더 라벨프린터 PT-P950NW 고속 고해상도 전문가용 라벨기 바코드프린터","미래프린텍","650000","3%","630000"
"LCD 변환모듈 아두이노 1602 I2C X ( 4매입 )","제이큐글로벌","34620","59%","13850"
"EOPI 엡손 L11050 A3+ 무한잉크 포토프린터 컬러 인쇄 지원 L1300 후속 잉크포함","주식회사인스토어","514430","2%","499000"
"엡손라벨프린터 OK-200 후속모델 LW-K200BK 라벨기","미래프린텍","None","None","66000"
"삼성 SL-M2030 흑백레이저프린터 SL-M203x","MD전산","None","None","200000"
"저온 3D펜 펜톡쿨 PCL 3m 9색 드로잉패드 도안 패키지","3D펜","None","None","79200"
"미지아 포켓 포토 프린터 사진 프린터기+인화지100장","CNStyle123","None","None","99900"
"뉴펜톡 고온용 PLA 무선 3D펜 도안 쓰리디펜 패키지 고급형","None","None","None","89100"
"브라더 DK 테이프 DK-11201 롤29X90mm /라벨기테이프/마스킹라벨테이프/제본테이프/라벨스티커","이븐스토어","81300","60%","31710"
"B21 네임스티커 라벨프린터 라벨기 (크림화이트)","포토비","None","None","69000"
" 2만원상품권+사은품 증정  캐논 프린터 PIXMA G3930","신세계몰","None","None","188000"
"SL-T1680W 잉크포함 무한잉크프린터 컬러 흑백 프린터기 가정용 무선 잉크젯복합기 복사기 스캐너 인쇄기","삼성전자온라인몰","246390","2%","239000"
"LW-H200RK리락쿠마 라벨프린터 라벨기 라벨테이프 포함","대한민국1번가","81750","2%","79300"
"SL-M2030W 흑백 레이저 무선 프린터 토너포함","삼성전자온라인몰","None","None","135000"
"SL-C513 컬러 레이저프린터 인쇄기 가정용 토너포함","None","174220","2%","169000"
"SL-M2035W 흑백 레이저 프린터 토너포함 +오늘출발+","None","None","None","129000"
"캐논 포토프린터 셀피스퀘어 QX10 핑크 + XS-20L 용지","캐논코리아공식총판점","None","None","174000"
"NIIMBOT 라벨프린터 B21 B-9) 이름표 (순환B) 50x30","시노링크","9000","33%","6000"
"삼성전자 레이저프린터 흑백 SL-M2035W 1200dpi EBT","에티버스이비티","None","None","128000"
"삼성전자 레이저프린터 흑백 SL-M2630ND 4800dpi EBT","에티버스이비티","None","None","194000"
"LW-K200DA 곰돌이푸 라벨프린터 라벨기 라벨테이프 포함 - 엡손 공식 인증점","대한민국1번가","102060","2%","99000"
"캐논 셀피 포토프린터 CP1500+RP-108+필름+파우치세트","멸치쇼핑","263410","5%","247610"
"Epson PictureMate PM-401 무선 포토 프린터 APP 연결 (단품)","한성앤와이","None","None","220000"
"SL-C510W 컬러 레이저 프린터 정품 토너포함 +오늘출발+","None","None","None","169000"
"삼성 SL-C513 컬러레이저프린터 / 사업자전용","MD전산","None","None","150000"
"XPrinter 택배송장프린터 라벨프린터 XP-DT108B 블랙","락미숍","75000","2%","72800"
"펜톡쿨 저온 3D펜+PCL 필라멘트 5m 12색 세트","3D펜","None","None","92400"
"복사기 인쇄기 그레이트 더큰 지시봉 볼펜겸용지시봉 총길이90cm 1개","주식회사저스트큐","52970","59%","21190"
"엡손 LW-K200BL50 파우치 패키지 라벨프린터 파우치 기본라벨지 건전지포함","라벨코리아","None","None","65000"
"디어달링 LED 티라이트 무드등 캔들 파티 전자초","제이큐글로벌","60640","59%","24260"
"PT-P300BT (테이프포함) 블루투스 라벨프린터","None","81440","2%","79000"
"센서 브라더(호환) MFC-J6710 용","아이리샵","41840","60%","16320"
"T01U 정품 잉크 6색잉크 세트 XP-15010","블루시스팀","None","None","189000"
"라벨프린터 PT-H110BW 라벨기 호환어댑터 증정","징크몰","None","None","65000"
"라벨프린터 PT-D450W 라벨기 12mm라벨테이프 증정 / PT-D460BT 로 출고","징크몰","None","None","189000"
"엡손 픽처메이트 PM-401P5 포토프린터 기프트패키지","주식회사인스토어","215460","2%","209000"
"사나고 3D펜 고급형 사나고펜 화이트","사나고샵","None","None","59000"
"라벨프린터 PT-P910BT 라벨기 12mm라벨테이프증정","징크몰","None","None","499000"
"사나고3D펜 고급형 사나고 네이비","사나고샵","None","None","59000"
"LW-K200PK 라벨프린터 라벨기 라벨테이프 포함 - 엡손 공식 인증점","None","70300","2%","68200"
"사나고 3D펜 고급형 네이비 PLA 필라멘트 20색 세트","사나고샵","None","None","75900"
"사나고 3D펜  고급형 화이트  PLA필라멘트 20색세트","사나고샵","None","None","75900"
"LW-K200KP 카카오 라벨프린터 라벨기 라벨테이프 포함","대한민국1번가","106180","2%","103000"
"LW-H200RK리락쿠마 라벨프린터 라벨기 라벨테이프 포함","대한민국1번가","79170","2%","76800"
"프린터케이블 25Core 10M","같은공간몰","57740","60%","22520"
"프릭커 휴대용 멀티 스티커 프린터 Pricker 화이트","None","None","None","109000"
"LW-H200RK20 리락쿠마 라벨프린터+전용파우치 패키지","대한민국1번가","93290","2%","90500"
"뉴 사나고3D펜 PLA필라멘트 15색세트","사나고샵","None","None","92400"
"미니 라벨프린터기 D30S 흰둥이+라벨5","None","None","None","68900"
"LW-K740WH 라벨테이프 포함 라벨프린터 라벨기 네임스티커 이름표스티커  - 엡손 공식 인증점","대한민국1번가","194840","2%","189000"
"펜톡쿨 어린이 저온 PCL 3D펜 쓰리디펜 학습 도안 고급형 패키지","None","None","None","79200"
"CSCJ 캐논 정품 MG3090 잉크젯 복합기 / 프린터 인쇄 복사 스캔 WIFI 잉크포함 가정용 숙제 출력","주식회사인스토어","None","None","52000"
"샤오미 포토프린터 화이트 정품 XMKDDYJ01HT/휴대가능/여행용 (용지20매 증정)AR사진음성사진 지원","대원씨티에스(주)","None","None","79800"
"라벨프린터 블루투스 라벨기 710 화이트   블랙 12mm 라벨테이프 증정 당일발송","진OA","None","None","170000"
"라벨프린터 H1S NIIMBOT 님봇 라벨기 무선 휴대용","시노링크","99000","32%","67000"
"정품-브라더 라벨프린터 PT-P710BTWH 블루투스 라벨기 PT-P710BT 4mm~24mm 지원 휴대용","미래프린텍","None","None","170000"
"인스탁스 미니에보 EVO 카메라+전용가방+선물SET 블랙 / C타입","주식회사블루죤","None","None","328000"
"브라더 라벨프린터 PT-P750W PC연결 모바일 무선 라벨기 사무용 라벨프린터","미래프린텍","215000","None","214000"
"OJLcv PROKIT (MS9328) 다용도 헤라 3D 프린터용 스테인레 헤라 3d프린터 3d프린터용품 다용도헤라 스텐헤","에스포유","19630","60%","7660"
"영달철물 무보링 경첩 무타공 장롱 싱크대 90도 X ( 4매입 )","주식회사저스트큐","30790","59%","12320"
"중고/도시바 B-EX4T2 라벨 바코드프린터 B-SX5T후속","비즈오에이","None","None","700000"
"당그니 3d펜 TV광고 무선 저온 어린이 용 쓰리디펜","셀링업","None","None","59800"
"NIIMBOT 라벨프린터 B21 A-8) 화이트 50x70","시노링크","9000","33%","6000"
"LW-K200PK 라벨프린터 4~18mm 지원 라벨기","제이케이비즈","None","None","65700"
"엡손 라벨 프린터 LW-K200BL 라벨인쇄기 라벨프린터기","(주)유마켓","549610","60%","214350"
"캐논 G595 정품 무한잉크 포토 프린터 6색 잉크포함","공식온라인파트너","308240","2%","299000"
"랜스타 프린터케이블 25Core 5M/프린터케이블/프린터연결선/프린터연결케이블/프린터선/프린터전원선/프린","같은-공간","38160","60%","14890"
"Meemo 스마트 미니 라벨프린터 M02S 전용프린트","모이가","868790","60%","338830"
"엡손 라벨 프린터 LW-K200BL 서류 사무용기 프린트 인쇄","모이가","518100","60%","202060"
"브라더 DK 테이프 DK-11201 롤29X90mm 라벨프린터 마스킹 라벨기 제본 스티커","모이가","115510","60%","45050"
"LDO 42sth60 2004ac 42mm 스텝모터 3D 프린터 부품/프린터/프린터부품/소모품/프린터소모품/3D프린터부품/3","아리아니","320220","60%","124890"
"Dargonfly HIC 실리콘 핫엔드 히트블록 커버 350 블랙/프린터/프린터부품/소모품/프린터소모품/3D프린터부","아리아니","25420","60%","9920"
"Dargon 실리콘 핫엔드 히트블록 커버 280 레드/프린터/프린터부품/소모품/프린터소모품/3D프린터부품/3D프","아리아니","27470","60%","10720"
"Dargon 실리콘 핫엔드 히트블록 커버 280 블랙/프린터/프린터부품/소모품/프린터소모품/3D프린터부품/3D프","아리아니","27470","60%","10720"
"Dargonfly 실리콘 핫엔드 히트블록 커버 280 레드/프린터/프린터부품/소모품/프린터소모품/3D프린터부품/3D","아리아니","25420","60%","9920"
"Dargonfly 실리콘 핫엔드 히트블록 커버 280 블랙/프린터/프린터부품/소모품/프린터소모품/3D프린터부품/3D","아리아니","25420","60%","9920"
"캐논 셀피 포토프린터 CP1500 CP1300 1200 910 파우치/가방파우치/파우치가방/포토프린터가방/포토프린터파","아리아니코스","67360","61%","26270"
"LDO 42sth60 2004ac 42mm 스텝모터 3D 프린터 부품/프린터/프린터부품/소모품/프린터소모품/3D프린터부품/3","아리아니코스","305880","60%","119300"
"Dargonfly HIC 실리콘 핫엔드 히트블록 커버 350 블랙/프린터/프린터부품/소모품/프린터소모품/3D프린터부","아리아니코스","25120","60%","9800"
"Dargon 실리콘 핫엔드 히트블록 커버 280 레드/프린터/프린터부품/소모품/프린터소모품/3D프린터부품/3D프","아리아니코스","27070","60%","10560"
"Dargon 실리콘 핫엔드 히트블록 커버 280 블랙/프린터/프린터부품/소모품/프린터소모품/3D프린터부품/3D프","아리아니코스","27070","60%","10560"
"Dargonfly 실리콘 핫엔드 히트블록 커버 280 레드/프린터/프린터부품/소모품/프린터소모품/3D프린터부품/3D","아리아니코스","25120","60%","9800"
"Dargonfly 실리콘 핫엔드 히트블록 커버 280 블랙/프린터/프린터부품/소모품/프린터소모품/3D프린터부품/3D","아리아니코스","25120","60%","9800"
"엡손 라벨 프린터 LW-K200BL/라벨스티커/바코드만들기/라벨프린트/라벨인쇄기/라벨프린터기/라벨프린터/사","아리아니","567620","60%","221380"
"(부라더) 라벨프린터 D-200 (TZ 3-12mm)/라벨테이프/라벨테이프/라벨프린터테이프/라벨기테이프/라벨스티커","주식회사로하스","478570","60%","186650"
"EPSON)라벨프린터 LW-K740BK/라벨프린터/미니라벨프린터/라벨지프린트/라벨프린트/업무용라벨프린터/사무용","(주)제이아트","1332920","60%","519840"
"다이모 라벨프린터 LW 550 TURBO 다이모","CSH몰","991000","61%","386490"
"라벨터치 테이프 TZ-611 노랑바탕-흑문자/라벨지/라벨프린터테이프/라벨카트리지/라벨테이프카트리지/테이","아리아니","108330","60%","42250"
"라벨터치 테이프 TZ-121 투명바탕-흑문자/라벨지/라벨프린터테이프/라벨카트리지/라벨테이프카트리지/테이","아리아니","97510","60%","38030"
"라벨터치 테이프 TZ-221 흰색바탕-흑문자/라벨지/라벨프린터테이프/라벨카트리지/라벨테이프카트리지/테이","아리아니","120080","60%","46840"
"랜스타 프린터케이블 25Core 5M/프린터케이블/프린터연결선/프린터연결케이블/프린터선/프린터전원선/프린","(주)제이아트","34900","60%","13620"
"(부라더) 라벨프린터 PT-P700 (6-24mm)/정품/브라더라벨테이프/브라더프린터/정픔라벨테이프/브라더테이프/","주식회사로하스","800740","60%","312290"
"(엡손) 라벨프린터 LW-K460 (4-18mm)/초등학생/집에서즐기는/라벨기/방수스티커/라벨기/라벨터치/가정용라","주식회사로하스","843590","61%","329000"
"(부라더) 라벨프린터 PT-D200LB (6-12mm)/라벨프린터/라벨프린트/라벨프린터기/라벨프린트기/라벨기/프린터","주식회사로하스","543630","60%","212020"
"브라더 라벨 테이프 tze 631 부라더 12mm 5개/라벨지/라벨테이프/라벨기/라벨프린터/네임스티커/라벨/네임","같은공간몰","649740","60%","253400"
"라벨프린터 LW-K200BL 라벨기 12mm 라벨테이프 증정","징크몰","None","None","75000"
"엡손 라벨 프린터 LW-K200BL 라벨프린트 라벨프린터기","같은공간몰","554560","60%","216280"
"컬러 레이저프린터 18/4 ppm SL-C510 토너포함","꿈꾸는다락방2013","241200","3%","232840"
"라벨프린터 PT-D200LB 라벨기 브라더 호환어댑터 증정","아이에스테크","None","None","89000"
"라벨프린터 PT-P300BTLB 라벨기 12mm라벨테이프증정","징크몰","None","None","95000"
"미니 라벨프린터기 흰둥이 D30S + 라벨지스티커 1개무료증정","None","None","None","35900"
"마루미르 프리투 3D펜 무선 저온 PCL A세트(핑크/블루)","마루미르3D펜","None","None","38900"
"가제트 저온 3d펜 GP3500 3d프린터 쓰리디펜 PCL","위드피플즈","None","None","25900"
"브라더 블루투스 무선 라벨프린터 PT-P710BT","바다건너몰","None","None","124500"
"삼성 정품 프린터 CLP-680ND 네트워크/양면인쇄","전산JK","None","None","1000000"
"미니 라벨프린터기 D30S 핑크돼지+라벨5","None","None","None","68900"
"(필라멘트 오렌지) 손도리 ECO 국산 PLA 1kg 인증제품 필라멘트 화이트 /펜/입체만들기/만들기펜/3D공작","(주)제이아트","170940","60%","66670"
"(필라멘트 옐로우) 손도리 ECO 국산 PLA 1kg 인증제품 필라멘트 화이트 /델로나3D펜/필라멘트펜/델로나펜","(주)제이아트","156610","60%","61080"
"(필라멘트 그린) 손도리 ECO 국산 PLA 1kg 인증제품 필라멘트 화이트 /3D펜/델로나3D펜/만들기펜/필라멘트","(주)제이아트","156610","60%","61080"
"(필라멘트 퍼플) 손도리 ECO 국산 PLA 1kg 인증제품 필라멘트 화이트 /3D프린터/델로나3D펜/필라멘트펜","(주)제이아트","156610","60%","61080"
"NIIMBOT 라벨프린터 B21 A-5) 화이트 50x30","시노링크","9000","33%","6000"
"바코드프린터 ZD421T 열전사방식 203dpi이더넷모듈추가","(주)우주사무기","None","None","590000"
"무한 컬러레이저프린터 SL-C510W Wi-Fi 토너포함 파우더포함 풀세트","라온잉크","None","None","209000"
"인스픽P2 PV-223 휴대용 포토프린터 펄화이트+사은품 인화지 20매","None","None","None","139000"
"마로마로 바이올렛 에그형 미니 바코드 휴대용 라벨프린터 스티커라벨 라벨테이프1개증정","아이에스테크","None","None","39000"
"마로마로 바이올렛 에그형 미니 바코드 휴대용 라벨프린터 스티커라벨 라벨테이프1개증정","징크몰","None","None","39000"
"라벨터치 테이프 TZ-121 투명바탕-흑문자/라벨지/라벨프린터테이프/라벨카트리지/라벨테이프카트리지/테이","주식회사로하스","85140","60%","33210"
"브라더 TZ 테이프 TZ-111 6mm/라벨테이프/라벨테이프/라벨프린터테이프/라벨기테이프/라벨스티커/다용도라","주식회사로하스","82480","60%","32170"
"라벨터치 테이프 TZ-611 노랑바탕-흑문자/라벨지/라벨프린터테이프/라벨카트리지/라벨테이프카트리지/테이","주식회사로하스","94490","60%","36860"
"라벨터치 테이프 TZ-221 흰색바탕-흑문자/라벨지/라벨프린터테이프/라벨카트리지/라벨테이프카트리지/테이","주식회사로하스","104640","60%","40810"
"브라더 TZ 테이프 TZ-N221 9mm/라벨테이프/라벨테이프/라벨프린터테이프/라벨기테이프/라벨스티커/다용도라","주식회사로하스","108680","60%","42390"
"브라더 DK 테이프 DK-11201 롤29X90mm/라벨테이프/라벨테이프/라벨프린터테이프/라벨기테이프/라벨스티커/","주식회사로하스","107370","60%","41880"
"브라더 TZ 테이프 TZ-731 12mm/라벨테이프/라벨테이프/라벨프린터테이프/라벨기테이프/라벨스티커/다용도라","주식회사로하스","108680","60%","42390"
"브라더 TZ 테이프 TZ-131 12mm CSY/라벨테이프/라벨테이프/라벨프린터테이프/라벨기테이프/라벨스티커/다용","주식회사로하스","108680","60%","42390"
"브라더 DK 테이프 DK-11208 롤38X90mm/라벨테이프/라벨테이프/라벨프린터테이프/라벨기테이프/라벨스티커/","주식회사로하스","123740","60%","48260"
"(브라더) DK-테이프 DK-11209 롤29X62mm (3F.Y)/라벨테이프/라벨테이프/라벨프린터테이프/라벨기테이프/라","주식회사로하스","150590","61%","58730"
"EPSON)라벨프린터 LW-C610/라벨프린터/미니라벨프린터/라벨지프린트/라벨프린트/업무용라벨프린터/사무용라","주식회사로하스","727030","60%","283550"
"EPSON)라벨프린터 LW-K740BK/라벨프린터/미니라벨프린터/라벨지프린트/라벨프린트/업무용라벨프린터/사무용","주식회사로하스","1224800","60%","477680"
"랜스타 프린터케이블 25Core 10M/프린터케이블/프린터연결선/프린터연결케이블/프린터선/프린터전원선/프린","주식회사로하스","49490","60%","19310"
"랜스타 프린터케이블 25Core 5M/프린터케이블/프린터연결선/프린터연결케이블/프린터선/프린터전원선/프린","주식회사로하스","32880","60%","12830"
"Meemo 스마트 미니 라벨프린터 M02S/라벨프린터/미니라벨프린터/스마트라벨프린터/폰연결라벨프린터/라벨프","주식회사로하스","801990","60%","312780"
"PT-D460BT 블루투스 라벨프린터 PT-D450 후속모델 쿼티키보드 PC연결가능 12mm 라벨테이프 증정","징크몰","None","None","189000"
"正品 캐논 M-2 PRO S1 튜브넘버링기 하드케이스 소프트케이스 IC리본 튜브장착기","부라더사무기기총판","None","None","1760000"
"(부라더) 라벨프린터 PT-D200LB (6-12mm)/라벨프린터/라벨프린트/라벨프린터기/라벨프린트기/라벨기/프린터","(주)제이아트","596440","60%","232620"
"브라더 TZ 테이프 TZ-131 12mm CSY/라벨테이프/라벨테이프/라벨프린터테이프/라벨기테이프/라벨스티커/다용","(주)제이아트","117450","60%","45810"
"엡손 라벨 프린터 LW-K200BL/라벨스티커/바코드만들기/라벨프린트/라벨인쇄기/라벨프린터기/라벨프린터/사","(주)제이아트","520310","60%","202930"
"곰돌이푸 엡손 라벨테이프 패키지  LW-K200DA10 라벨기 휴대용 라벨프린터 라벨테이프 곰돌이푸","None","118550","2%","115000"
"초등 중고등 학교 3D 펜 저온용 필라멘트 5M 12색","데안스마켓","95880","60%","37400"
"삼성전자 컬러 레이저 프린터 14/14 ppm SL-C1404W","노마진CLUB","None","None","235000"
"롤 라벨 송장 프린터 택배용지 거치대","주닉스샵","75840","60%","29580"
"(엡손) 라벨프린터 OK1000P 4-36mm PC연결가능 (1개","톡쏘는","1979240","60%","771910"
"칩없음 빈카트리지 HP8100 8600 6100 8610 8640-세","진성플러스2","67380","60%","26280"
"라벨프린터 PT P900W","유통1번지","2291390","60%","893650"
"휴대용 라벨 포스트잇 프린터 샤오미 미지아 소형 가정용 사무실용 스마트 무선 링크 전화 HD 컬러 포토 3","행복한12월","632700","50%","310030"
" 5만원상품권+사은품 증정   캐논 프린터 PIXMA G695","신세계몰","359000","5%","341050"
"라벨프린터OK-600P/PC연결/휴대용 무선블루투스기능","미래프린텍","198000","1%","195500"
"HL-T4000DW 정품 무한잉크프린터 / A3 무선 양면인쇄","None","711340","2%","690000"
"엡손 라벨프린터 OK-200 후속모델 LW-K200BK 라벨기","미래프린텍","67000","1%","66000"
"삼성 SL-C513 컬러레이저프린터 (토너포함)","지오테크잉크","174220","2%","169000"
"삼성 SL-C513W 무한컬러프린터 / 와이파이 A타입 무한","MD전산","None","None","188000"
"블루투스라벨프린터PT-D200LB(라인) 휴대용선물용최고","(잉크짱)","84000","1%","83000"
"테크스캔 바코드프린터(TTP-247)","비타민씨엔씨","None","None","380000"
"엡손)정품L121 무한잉크젯 프린터 민원24지원 잉크포함","주식회사태균","None","None","139000"
"선택 B 정품무한 컬러레이저프린터 SL-C513w 리필가능","Tomorrowbiz","None","None","199000"
"이지드로잉 저온 무선 3D펜 PCL필라멘트 세트 1200mAh","우브코퍼레이션","61800","3%","59800"
"마루미르 프리투 3D펜 무선 저온 PCL B세트(흰색/회색)","마루미르3D펜","None","None","47800"
"HP M111a 흑백레이저프린터 토너포함 A4 1박스 증정행사/KH","공식스토어_KH프라자","None","None","98900"
"페이지 휴대용 모바일 포토프린터 미니 라벨프린터","우브코퍼레이션","179000","5%","169000"
"hp M706n/모노레이저/A3 도면출력/고급신형/중고제품","에드콤OA","None","None","290000"
"삼성전자 SL-T2270FW 무한잉크젯 프린터","디지아이캠","None","None","359000"
"삼성 SL-M2030 흑백레이저프린터 / 사업자전용","MD전산","None","None","100000"
"캐논 인스픽P2 PV-223 휴대용 포토프린터 로즈골드+사은품 인화지 20매+크리스마스 패키지","정품mall","143290","2%","139000"
"NIIMBOT 라벨프린터 B21 B-3) 메모지 순환C","시노링크","9000","33%","6000"
"헬로키티 3D펜 어린이3D펜 저온 쓰리디펜","에코펫위드","89000","10%","80000"
"캐논 포토프린터 SELPHY CP1500 + RP-108 (블랙) 정품 포토앨범 증정","클릭마켓.","None","None","260000"
"삼성 SL-J3520w 프린터 공기계 (헤드 잉크 급지 3종 제외) HP 8710 부품","프린터바이","None","None","107000"
"샌디마로 화이트 라벨기 미니 휴대용 스티커 포토 메모지 라벨프린터 흰색","아이에스테크","None","None","79000"
"캐논 RP-108 정품 인화지 108매 잉크2개 엽서사이즈","멸치쇼핑","38220","3%","36700"
"삼성 SL-C513W 무한컬러프린터 / 와이파이 B타입풀세트","MD전산","None","None","208000"
"삼성전자 흑백레이저프린터(SL-M3510ND/토너포함/양면인쇄) / KW","디아몰주식회사","280000","None","279010"
"(무한칩포함)(빈카트리지) 8610전용 세트 20 60","피오렌트","110700","62%","40960"
"사업자전용 SL-M3830ND 흑백 레이저 프린터 양면 인쇄 네트워크 +정품판매+","블루시스템1","340700","None","340400"
"카카오프렌즈 라벨프린터 LW-K200KP 4~18mm 지원","제이케이비즈","None","None","103000"
"라벨프린터 잘쓴 라벨기 프린터 B1 퍼플","smartinc","None","None","43000"
"마로마로 레몬크림 에그형 미니 바코드 휴대용 라벨프린터 스티커라벨 라벨테이프1개증정","징크몰","None","None","39000"
"무한레이저 삼성 SL-C483 컬러 레이저복합기","오병이어주식회사","None","None","339000"
"라벨프린터 LW-K420(파우치형)","톡쏘는","660830","60%","257730"
"퀵 커넥터 차단밸브- 밸브 잉크 차단 - 4칼라1세트","샐리네","25490","60%","9950"
"라벨프린터(PT-D200)","도매광G","536610","60%","209280"
"KG 엡손 LW-K200PK 라벨프린터/라벨기 라벨포함 - 엡손 공식 인증점","대한민국1번가","70300","2%","68200"
"삼성 흑백 레이저 프린터 SL-M2033W(토너포함)","글로벌114","None","None","127850"
"캐논 잉크젯 프린터(G1910) 스마일배송","None","None","None","119000"
"프라임3D필라멘트 3D펜 저온 PCL 1KG 1.75mm 레드","inFoLust","None","None","30000"
"NIIMBOT D110 무선 블루투스 라벨프린터 휴대용 라벨기 네임스티커+리필 라벨지15x30MM 2롤","CNStyle123","None","None","26900"
"SL-M2030 흑백레이저프린터 대용량 재생토너","MD전산","None","None","89000"
"삼성 잉크젯 프린터 플러스S  SL-T1685W ","신세계몰","None","None","244000"
"캐논 PIXMA G3910 빌트인 정품무한 가정용 잉크젯 복합기 프린터 복사 스캔 (기본잉크포함)","신세계몰","None","None","179000"
"SL-J3520W 잉크포함 잉크젯프린터기 자동양면인쇄/와이파이/네트워크/정부24지원","None","1000000","3%","970000"
"부라더정품 라벨프린터 QL-800  스페셜이벤트_모피리처드 마이코 증정행사","게스빌","210000","None","208000"
"giooD 라벨테이프카트리지(TZ-241)백색 흑문자 18mm 사무기기 사무가전 프린터 라벨프린터 라벨프린터리본","올포유몰","101850","60%","39730"
"s5r10 라벨프린터(PT-D200) 사무기기 사무가전 프린터 라벨프린터 라벨프린터리본","에스포유","472690","60%","184350"
"q7fRW 엡손 리락쿠마 라벨프린터 EPSON LW-H200RK 엡손 리락쿠마라벨프린터 EPSON LW-H200RK 라벨","올포유몰","504170","60%","196630"
"przVk 라벨테이프카트리지(TZ-221)백색 흑문자 9mm 사무기기 사무가전 프린터 라벨프린터 라벨프린터리본","에스포유","77050","60%","30050"
"atbNK 엡손 라벨프린터 EPSON LW-K200BL  엡손라벨프린터 EPSON LW-K200BL 라벨 라벨프린터","에스포유","446600","60%","174180"
"9OWbK 브라더 라벨프린터 brother(PT-D200) 브라더라벨프린터 brotherPT-D200 라벨 라벨프린터 라벨기","올포유몰","570370","60%","222450"
"nL7Yj 정품잉크 HP DeskJet Ink Advantage 1110 480매 검정  HPDeskjetInkAdvantage2132 HPDeskjetInkAdvan","올포유몰","245000","61%","95550"
"Vh1Ln 정품잉크 HP Deskjet Ink Advantage 5525 300매 파랑  HPDeskjetInkAdvantage4615 HPDeskjetInkAdvan","올포유몰","34540","60%","13480"
"vszhc 캐논 CLI-751XL 정품잉크 파랑(대용량) Pixma MX927 재생드럼 제록스정품드럼 삼성정품드럼 이미징유","올포유몰","179770","61%","70110"
"0ygcF 캐논 PFI-8107C 정품잉크 파랑(130ml) iPF 781 캐논정품드럼 삼성정품드럼 오키정품드럼 hp정품드럼","올포유몰","485330","60%","189280"
"WKl4k 캐논 PFI-8120 정품잉크 빨강(소용량 130ml) TM-5305 정품드럼 삼성정품드럼 제록스정품드럼 이미징","올포유몰","484310","60%","188890"
"iZKnt 브라더 호환잉크 4색 세트 MFC-J2310 삼성정품드럼 재생드럼 제록스정품드럼 정품드럼 오키정품드럼","올포유몰","91670","60%","35760"
"fjGjY 브라더 호환잉크 4색 세트 MFC-J3520 재생드럼 캐논정품드럼 hp정품드럼 정품드럼 삼성정품드럼 이미","올포유몰","126810","60%","49460"
"AL9Zm 캐논 Pixma MP530 정품잉크 PGI-5BK 검정 캐논PixmaIX4000 캐논PixmaIP4300 캐논PixmaIP4200Professi","올포유몰","102450","60%","39960"
"rxHPN 캐논 Pixma MX897 정품잉크(안료) PGI-725PGBK 검정 캐논PIXMAiP4870 캐논PixmaIP4970 캐논PixmaMG53","올포유몰","81900","60%","31950"
"VVFXr LG H5088-01LB 호환잉크 검정 무한용 1000ml(안료) 재생드럼 삼성정품드럼 hp정품드럼 오키정품드럼","올포유몰","128840","60%","50250"
"MpS3G 삼성 SCX-1455I 검정 150매 정품잉크 MJC6750 MJC5750 SCX1770FH 삼성순정품잉크 SCX1460 SCX1430 SC","에스포유","174530","60%","68070"
"DCnq6 라벨테이프카트리지(TZ-231)백색 흑문자 12mm 사무기기 사무가전 프린터 라벨프린터 라벨프린터리본","에스포유","84190","60%","32840"
"q7IN5 캐논 PIXMA iP110 정품잉크 PGI-35BK 검정 캐논정품잉크 캐논PixmaiP100wb 캐논PIXMAiP100 캐논PIXMA","에스포유","127630","60%","49780"
"GKwEy 캐논 PIXMA MP497 정품잉크 CL-811 칼라 캐논PIXMAMX366 캐논PIXMAMX416 캐논PixmaMP268 캐논PixmaMP","에스포유","133790","60%","52180"
"uvUOp 캐논 Pixma MP245 정품잉크 CL-811 칼라 캐논PixmaMP268 캐논PIXMAMP497 캐논PixmaMP486 캐논PIXMAMP","에스포유","133790","60%","52180"
"4cfie 캐논 Pixma MX876 정품잉크 CLI-821C 파랑 캐논PixmaMX876 캐논PixmaMP628 캐논PixmaMX868 캐논Pixma","에스포유","82550","60%","32200"
"IWvmD HP H5088-01LB 호환잉크 검정 무한용 1000ml(안료) 캐논정품드럼 이미징유닛 삼성정품드럼 오키정품","에스포유","129870","60%","50650"
"u6fOf HP H5088-01LY 호환잉크 노랑 무한용 1000ml(염료) 캐논정품드럼 이미징유닛 삼성정품드럼 hp정품드","에스포유","129870","60%","50650"
"IEmDI 브라더 B1100-01LB 호환잉크 검정 무한용 1000ml hp정품드럼 정품드럼 제록스정품드럼 삼성정품드럼","에스포유","110370","60%","43050"
"XsI9S 엡손 호환잉크 4색 세트 Stylus CX2905 이미징유닛 재생드럼 캐논정품드럼 제록스정품드럼 오키정품","에스포유","69300","60%","27030"
"dZubq 캐논 PG-945 CL-946 정품잉크 세트잉크 PIXMA MG3090 정품드럼 hp정품드럼 캐논정품드럼 오키정품드","에스포유","395780","60%","154360"
"BiMpb 캐논 PGI-9 CLEAR 정품잉크 IX7000 제록스정품드럼 삼성정품드럼 오키정품드럼 캐논정품드럼 정품드","에스포유","295170","60%","115120"
"JCf0v 캐논 CLI-751XL 정품잉크 파랑(대용량) Pixma MG5470 이미징유닛 캐논정품드럼 오키정품드럼 제록스","에스포유","181210","60%","70680"
"AScsX 브라더 LC569XL 정품잉크 4색 세트 MFC-J3520 가성비정품잉크 순정품잉크 가성비잉크 브라더정품드럼","에스포유","511280","60%","199400"
"0AVmz 삼성 SL-T1675W 파랑 8000매 정품잉크 SLT1673W SLJ1563W SLT1675 삼성순정품잉크 SLT1670 SLJ1560 S","에스포유","72380","60%","28230"
"UZnfL 삼성 SL-J1560W 빨강 8000매 정품잉크 SLJ1560W SLJ1563 SLJ1565W SLJ1565 SLT1675W SLT1673FW 삼성","에스포유","72380","60%","28230"
"3Qhfq 삼성 SL-T1673 빨강 8000매 정품잉크 SLT1673W SLT1675 삼성프린터소모품 SLT1675W SLJ1563 SLT1670W","에스포유","72380","60%","28230"
"tylQY 삼성 SL-T1675W 빨강 8000매 정품잉크 SLJ1565W SLJ1565 삼성순정품잉크 SLT1673 SLT1675FW SLT1673F","에스포유","72380","60%","28230"
"0XOy7 삼성 SL-T1675W 노랑 8000매 정품잉크 SLJ1565 SLJ1563W SLT1673FW SLJ1563 SLT1670W SLT1675W 삼성","에스포유","72380","60%","28230"
"7RHok 라벨테이프카트리지(TZ-211)백색 흑문자 6mm 사무기기 사무가전 프린터 라벨프린터 라벨프린터리본","올포유몰","69310","60%","27040"
"5UIHW 라벨테이프카트리지(TZ-631)노랑 흑문자 12mm 사무기기 사무가전 프린터 라벨프린터 라벨프린터리본","올포유몰","83520","60%","32580"
"V4E15 캐논 PIXMA iP4870 정품잉크(안료) PGI-725PGBK 검정 캐논PixmaIX6560 캐논PixmaMG5370 캐논PIXMAMG8","에스포유","82550","60%","32200"
"6YFGt 캐논(호환) GI-990PBK/C/M/Y 4색세트 리필잉크 PIXMAG1910 PIXMAG4900 GI990Y PIXMAG1900 PIXMAG2910","에스포유","51330","60%","20020"
"FI03F 캐논(호환) GI-990PBK/C/M/Y 4색세트 재생잉크 PIXMAG3915 GI990M PIXMAG4910 PIXMAG4900 GI990PBK P","에스포유","51330","60%","20020"
"I6YfV 삼성 SL-J1760W 검정 190매 정품잉크 SCX1365 SLJ1760FW SLJ1760W SCX1365W 삼성순정품잉크 삼성프린","에스포유","196610","60%","76680"
"wYMhM 엡손 카카오프렌즈 테이프카트리지 SGR12BB 라벨프린터 앱손 라벨링 라벨 라벨터치","에스포유","49790","60%","19420"
"M1DvE 삼성 호환잉크 4색 세트 SL-J2920W 오키정품드럼 이미징유닛 정품드럼 제록스정품드럼 재생드럼 삼성","올포유몰","238330","60%","92950"
"K1bnI 브라더 BT5000M 정품잉크 빨강(5000매) DCP-T700W 브라더정품드럼 가성비잉크 도매가정품잉크 가성비","올포유몰","75880","60%","29600"
"wCUVd 캐논 PG-49 CL-59 정품잉크 검정 칼라 세트 E3190 정품드럼 재생드럼 hp정품드럼 제록스정품드럼 오","올포유몰","218470","60%","85210"
"9jvOm 캐논 PG-740XL 정품잉크 검정(대용량 14ml) MG4270 오키정품드럼 캐논정품드럼 재생드럼 정품드럼 hp","올포유몰","179770","61%","70110"
"bKQ5X 캐논 PG-830 CL-831 정품잉크 세트 MP190 삼성정품드럼 정품드럼 캐논정품드럼 이미징유닛 오키정품","올포유몰","308100","60%","120160"
"Wm0i0 캐논 Pixma IP4760 정품잉크 CLI-821GY Gray 캐논PixmaMP988 캐논PixmaMP996 캐논PixmaMP558 캐논Pix","올포유몰","81900","60%","31950"
"9k1Cu 캐논 PGI-970PGBK 정품잉크 5색 세트 MP TS5090 오키정품드럼 삼성정품드럼 hp정품드럼 캐논정품드럼","올포유몰","620790","60%","242110"
"PCuCG 정품잉크 HP Deskjet Ink Advantage 4615 300매 노랑  HPDeskjetInkAdvantage4615 HPDeskjetInkAdvan","에스포유","34810","60%","13580"
"eqAEI HP CN045AA 재생잉크 검정(대용량) 이미징유닛 제록스정품드럼 hp정품드럼 재생드럼 캐논정품드럼 삼","에스포유","65710","60%","25630"
"V6RUf 정품잉크 HP Deskjet Ink Advantage 4625e 300매 파랑  HPDeskjetInkAdvantage4615 HPDeskjetInkAdva","올포유몰","34540","60%","13480"
"Bcjs3 정품잉크 HP Deskjet Ink Advantage 3525 300매 빨강  HPDeskjetInkAdvantage4615 HPDeskjetInkAdvan","올포유몰","34540","60%","13480"
"khH9l 엡손 73N 호환잉크 파랑 이미징유닛 제록스정품드럼 오키정품드럼 재생드럼 삼성정품드럼 hp정품드럼","올포유몰","44820","60%","17480"
"rSWD8 캐논 PIXMA MP287 정품잉크 CL-811XL 칼라 캐논PixmaMX338 캐논PixmaMP496 캐논PIXMAMP497 캐논Pixma","올포유몰","161440","60%","62970"
"THVgt 캐논 Pixma MP245 정품잉크 CL-811XL 칼라 캐논PIXMAMX366 캐논PixmaMP245 캐논PixmaIP2772 캐논Pixm","올포유몰","161440","60%","62970"
"BhzWz 캐논 정품잉크 6색 세트(대용량) TS8195 이미징유닛 오키정품드럼 정품드럼 제록스정품드럼 캐논정품","에스포유","1109310","60%","432640"
"mby0o 엡손 라벨프린터 LW K200BL 라벨프린터 라벨프린터기 라벨테이프 라벨카트리지 브라더라벨","올포유몰","529630","60%","206560"
"SaQSA 삼성 C310 정품잉크 파랑(1600매) SL-J3570FW 삼성정품드럼 재생드럼 이미징유닛 캐논정품드럼 정품","에스포유","280280","60%","109310"
"CYULd 삼성 M310 정품잉크 빨강(1600매) SL-J3570FW 정품드럼 오키정품드럼 삼성정품드럼 hp정품드럼 이미","에스포유","280280","60%","109310"
"7HvpP 브라더 BT5000Y 정품잉크 노랑(5000매) DCP-T300 도매가정품잉크 브라더정품드럼 가성비정품잉크 순","올포유몰","75880","60%","29600"
"80AL5 캐논 PG-740XL 정품잉크 검정(대용량 14ml) MX477 이미징유닛 재생드럼 오키정품드럼 삼성정품드럼","올포유몰","179770","61%","70110"
"A1XTv 캐논 PGI-970PGBK 정품잉크 5색 세트 Pixma MG5795 제록스정품드럼 오키정품드럼 hp정품드럼 정품드","올포유몰","620790","60%","242110"
"AG5Hv HP 호환잉크 4색 세트 Officejet PRO 8710 삼성정품드럼 재생드럼 정품드럼 제록스정품드럼 캐논정품","에스포유","429150","60%","167370"
"Py5ET D30S용 마카롱 곰친들 6세트 문구 사무 탕비 생활 리빙","올포유몰","143470","60%","55960"
"1DWE3 엡손 T0733(73N) 호환잉크 빨강 삼성정품드럼 이미징유닛 캐논정품드럼 오키정품드럼 제록스정품드럼","올포유몰","44820","60%","17480"
"m3hh7 캐논 PG-945XL 정품잉크 검정(12ml) PIXMA MG2490 제록스정품드럼 hp정품드럼 삼성정품드럼 재생드럼","올포유몰","210330","60%","82030"
"yoyri 엡손 73N 호환잉크 4색 세트 제록스정품드럼 이미징유닛 캐논정품드럼 오키정품드럼 재생드럼 hp정품","에스포유","107290","60%","41850"
"WHwtk 캐논 CL-811XL 정품잉크 칼라(13ml) PIXMA MX416 재생드럼 hp정품드럼 이미징유닛 삼성정품드럼 제록","에스포유","240750","60%","93900"
"USKZ4 브라더 라벨프린터 PT-P700 정리 라벨 브라더 학교 표기 라벨링 라벨프린터 테이프 라벨터치 이름표","올포유몰","661200","60%","257870"
"0tabB 엡손 T774100 정품잉크 검정(140ml) 무한전용 L655 문구용품 토너 프린터부품 사무용품 잉크 정품토","올포유몰","93080","60%","36310"
"AdOOQ 브라더 B1100-01LB 호환잉크 검정 무한용 110ml 삼성정품드럼 정품드럼 제록스정품드럼 재생드럼 hp","올포유몰","41250","60%","16090"
"Ndh1b 캐논 정품잉크 4색 세트 PIXMA G2900 오키정품드럼 캐논정품드럼 이미징유닛 hp정품드럼 삼성정품드","올포유몰","326830","60%","127470"
"oLluA 엡손 라벨프린터리본 SD24K 흑색 백문자 라벨프린터 라벨프린터기 라벨테이프 라벨카트리지 브라더라","올포유몰","111060","60%","43320"
"sduV4 엡손 라벨프린터리본 SC9B 청색 흑문자 라벨프린터 라벨프린터기 라벨테이프 라벨카트리지 브라더라","올포유몰","71920","60%","28050"
"5HKCX 다이모 라벨프린터 LW 550 TURBO 문구 사무 탕비 생활 리빙","올포유몰","1062450","60%","414360"
"WyDDa D30S 화이트 흰둥이 라벨 3SET 문구 사무 탕비 생활 리빙","올포유몰","273800","60%","106790"
"8qfD4 캐논 정품잉크 4색 세트 PIXMA G3900 제록스정품드럼 이미징유닛 hp정품드럼 캐논정품드럼 삼성정품","에스포유","329440","60%","128490"
"CKjcs 엡손 라벨프린터리본 SC12Y 노랑 흑문자 라벨프린터 라벨프린터기 라벨테이프 라벨카트리지 브라더라","에스포유","72500","60%","28280"
"QXrt2 라벨프린터DS30S 초코 라벨스티커 3세트 카피어랜드 라벨프린터 DS30S 초코 라벨스티커 5세트","에스포유","277930","60%","108400"
"a3pWz BROTHER호환 MFCJ315W LC39 정품벌크잉크 칼라셋트 MFC-J220 J415W J125 J315W 515W","에스포유","90620","60%","35350"
"FU7B0 D30S 브라운 초코곰돌이 라벨 5SET 문구 사무 탕비 생활 리빙","에스포유","331140","60%","129150"
"v2DEM 엡손 라벨프린터 LW-K600 라벨프린터 브라더 라벨링 라벨 라벨터치","올포유몰","1135960","60%","443030"
"8Sv2h HP CN047AA 재생잉크 빨강(대용량) hp정품드럼 재생드럼 이미징유닛 정품드럼 제록스정품드럼 오키정","에스포유","68230","60%","26610"
"LGZP8 삼성 CLT-W406 정품 폐토너통 SL C563W 정품폐토너통 폐토너통 삼성폐토너통 삼성정품폐토너통 CLTW4","엔젤에이","66110","60%","25790"
"zWVP2 캐논 PG-810XL CL-811XL 정품잉크 세트 MP287 hp정품드럼 재생드럼 정품드럼 삼성정품드럼 이미징유","엔젤에이","392930","60%","153250"
"KtAnN 캐논 PG-830 정품잉크 검정(소용량 11ml) MP190 오키정품드럼 삼성정품드럼 hp정품드럼 정품드럼 이","엔젤에이","148080","60%","57760"
"yfAev 캐논 PG-40 CL-41 정품잉크 검정 칼라 세트 IP1600 캐논정품드럼 정품드럼 삼성정품드럼 제록스정품","엔젤에이","366490","60%","142940"
"zw3VP 캐논 PG-40 정품잉크 검정(대용량 16ml) MP190 캐논정품드럼 재생드럼 제록스정품드럼 이미징유닛 삼","엔젤에이","173460","60%","67650"
"aN2oN 캐논 GI-90PGBK 정품잉크 파랑(8300매) G5090 제록스정품드럼 재생드럼 hp정품드럼 이미징유닛 캐논","엔젤에이","79860","60%","31150"
"uypSS 캐논 PG-810XL 재생잉크 검정(대용량 15ml) 오키정품드럼 재생드럼 이미징유닛 hp정품드럼 삼성정품","엔젤에이","132210","60%","51570"
"wesoF 캐논 PG-40 830 C905-01LB 호환잉크 검정 110ml 안료 삼성정품드럼 캐논정품드럼 정품드럼 이미징유","엔젤에이","41250","60%","16090"
"iW94M 엡손 호환잉크 6색 세트 Stylus Photo TX720WD 오키정품드럼 이미징유닛 정품드럼 삼성정품드럼 hp정","엔젤에이","131150","60%","51150"
"YnLim 브라더 LC535XL 호환잉크 노랑(1300매) 정품드럼 hp정품드럼 삼성정품드럼 오키정품드럼 재생드럼 캐","엔젤에이","45480","60%","17740"
"qb8wL 브라더 LC665XL 호환잉크 파랑(1200매) 이미징유닛 재생드럼 캐논정품드럼 삼성정품드럼 제록스정품","엔젤에이","58700","60%","22900"
"OsAlm HP 재생잉크 4색 세트 Officejet PRO 8640 재생드럼 이미징유닛 정품드럼 제록스정품드럼 삼성정품드","엔젤에이","204140","60%","79620"
"VSZvi HP H0005-01LB 호환잉크 검정 무한프린터용 1000ml 캐논정품드럼 hp정품드럼 이미징유닛 삼성정품드","엔젤에이","113700","60%","44350"
"y5Ghs 캐논 Pixma IP1180 정품잉크 PG-830 검정 캐논PixmaIP2580 캐논PixmaMP210 캐논PixmaMP476 캐논Pixma","엔젤에이","107070","60%","41760"
"229FY 캐논 Pixma MP276 정품잉크 PG-810XL 검정 캐논MX366 캐논PIXMAMX366 캐논PixmaMP276 캐논PixmaIP277","엔젤에이","139380","60%","54360"
"uYGgO 삼성 SL-C565FW 16000매 정품드럼 CLP363 SLC422W CLX3305W 삼성프린터소모품 SLC472FW CLX3303 CLX3","엔젤에이","793270","60%","309380"
"Arco7 엡손 라벨프린터리본 SC18G 녹색 흑문자 라벨프린터 라벨프린터기 라벨테이프 라벨카트리지 브라더라","엔젤에이","88850","60%","34660"
"kz7CM hp호환 리필 안료잉크(유성잉크)HP8600HP8100HP8610 hp8600 무한잉크 무한공급기잉크 8100","엔젤에이","116350","60%","45380"
"uvyMW 캐논정품번들잉크mb2120.2020.2720.2320 검정 캐논 mb2720호환잉크 1200 캐논mb2720호환잉크 1200","엔젤에이","163940","60%","63940"
"g2dSc 라벨프린터 LW-C610 엡손 라벨프린터 LWC610 엡손 엡손라벨프린터 사무용품","엔젤에이","631970","60%","246470"
"6tEqF 엡손 잉크 T04E470 노랑 200매 토너 사무 호환잉크 정품토너 복합기 프린터 오피스 호환토너 잉크 정","엔젤에이","38900","60%","15180"
"P8yGP 캐논 PG-740 CL-741 정품잉크 세트(소용량) MG4270 이미징유닛 삼성정품드럼 제록스정품드럼 오키정","엔젤에이","324710","60%","126640"
"7vap0 엡손 73N 호환잉크 빨강 제록스정품드럼 hp정품드럼 오키정품드럼 캐논정품드럼 정품드럼 삼성정품드","올포유몰","38080","60%","14860"
"yaJOo 캐논 PG-49 CL-59 정품잉크 검정 칼라 세트 E4290 이미징유닛 제록스정품드럼 오키정품드럼 삼성정품","올포유몰","226880","60%","88490"
"d0K8e 캐논 셀피 포토프린터 CP1500 CP1300 1200 910 900 파우치 그레이 가방파우치 휴대용프린터 수납가방","올포유몰","42840","60%","16710"
"axnEm 엡손 디즈니 프린세스 테이프카트리지 SGR12PB-PX 문구 사무 생활 이름표 네임택","올포유몰","84620","60%","33010"
"e5sed 캐논 셀피 포토프린터 CP1500 CP1300 1200 910 파우치 포토프린터파우치 가방파우치 포토케이스 셀피","엔젤에이","42840","60%","16710"
"Zf355 두들러 펜톡 필라멘트 4색혼합 파랑 빨강 초록 회색 1개 3D프린터부자재 만들기 과학교구 초등 학습","에스포유","59270","60%","23120"
"Ikn1q 두들러 펜톡 필라멘트 민트 1개 3D프린터부자재 만들기 과학교구 초등 학습도구","에스포유","59270","60%","23120"
"2BQgG 두들러 펜톡 필라멘트 흰색 1개 3D프린터부자재 만들기 과학교구 초등 학습도구","에스포유","59270","60%","23120"
"AJUZD HP H5088-01LB 호환잉크 검정 무한용 110ml(안료) 오키정품드럼 이미징유닛 hp정품드럼 재생드럼 캐","에스포유","42650","60%","16640"
"CqDQF 엡손 73N 호환잉크 빨강 제록스정품드럼 hp정품드럼 오키정품드럼 캐논정품드럼 정품드럼 삼성정품드","에스포유","38380","60%","14970"
"6sftu 브라더 BT6000 정품잉크 4색 세트 DCP-T300 도매가정품잉크 순정품잉크 가성비정품잉크 브라더정품드","에스포유","266540","60%","103960"
"dU7uA 캐논 Pixma IP1300 Photo Studio 정품잉크 PG40 검정 캐논PixmaIP1600New 캐논PixmaIP1300CD-R 캐논P","에스포유","130170","60%","50770"
"SOp6z 삼성 SL-J1560W 파랑 8000매 정품잉크 SLT1670 SLT1675W SLT1673FW 삼성순정품잉크 SLT1673W SLT1675","에스포유","75160","60%","29320"
"IZPsB HP 데스크젯 3835 정품잉크 칼라 검정 세트 문구용품 토너 잉크 프린터용품 사무용품","에스포유","134870","60%","52600"
"FzXTw 엡손 T5801 정품잉크 포토블랙 Stylus Pro 3800 hp정품드럼 삼성정품드럼 재생드럼 정품드럼 이미징","에스포유","409940","60%","159880"
"NbiDf 엡손 T8451 정품잉크 검정(대용량) WF-R5691 이미징유닛 삼성정품드럼 정품드럼 hp정품드럼 제록스정","에스포유","1602430","60%","624950"
"PoWwj 브라더 BT5000Y 정품잉크 노랑(5000매) MFC-T910WD 브라더정품드럼 순정품잉크 가성비정품잉크 가성","에스포유","79430","60%","30980"
"ZgtJs JBiz 라벨프린터 LW-K200BL 라벨 프린터 네임테이프 라벨프린터 LW-K200BL 라벨 프린터 네임테이프","에스포유","497360","61%","193970"
"mvcyr 캐논 셀피 포토프린터 CP1500 CP1300 1200 910 파우치 포토프린터파우치 가방파우치 포토케이스 셀피","에스포유","43180","61%","16840"
"ZLkIc 캐논 셀피 포토프린터 CP1500 CP1300 1200 910 900 파우치 그레이 가방파우치 휴대용프린터 수납가방","엔젤에이","42840","60%","16710"
"n2UmQ 삼성 C610 정품잉크 파랑 SL-T1673FW 캐논정품드럼 hp정품드럼 재생드럼 오키정품드럼 삼성정품드럼","엔젤에이","98900","60%","38580"
"NHjdh 신도리코 B600R30K 정품드럼 B606dn 검정 B600R30K B605dn B605n B606dtn B601dn B606dn B600n","엔젤에이","889810","60%","347030"
"fMHzx 뉴펜톡 3D펜 패키지 1개 3D펜톡 만들기 과학교구 초등 학습도구","엔젤에이","588370","60%","229470"
"yD0t0 펜톡 뉴펜톡 3D 필라멘트 팩 20색 5M 1개 미술놀이 만들기 부자재 공예 소품 어린이집 유치원","엔젤에이","104420","60%","40730"
"DbbGo 두들러 스타터세트 1개 3D펜톡 만들기 과학교구 초등 학습도구","엔젤에이","637500","60%","248630"
"oQejZ 두들러 펜톡 필라멘트 4색혼합 주황 민트 흰색 노랑 1개 3D프린터부자재 만들기 과학교구 초등 학습","엔젤에이","58800","60%","22940"
"PRA9F 두들러 펜톡 필라멘트 노랑 1개 3D프린터부자재 만들기 과학교구 초등 학습도구","엔젤에이","58800","60%","22940"
"6ydmX 두들러 펜톡 필라멘트 주황 1개 3D프린터부자재 만들기 과학교구 초등 학습도구","엔젤에이","58800","60%","22940"
"ZQVcs 캐논 PG-49 CL-59 정품잉크 검정 칼라 세트 E4290 이미징유닛 제록스정품드럼 오키정품드럼 삼성정품","엔젤에이","226880","60%","88490"
"XWJ6W 캐논 PFI-8120 정품잉크 빨강(소용량 130ml) TM-5300 제록스정품드럼 이미징유닛 재생드럼 오키정품","엔젤에이","502930","60%","196150"
"Hju5p 엡손 C13T03Y100 검정 호환잉크(127ml 8000매) hp정품드럼 캐논정품드럼 정품드럼 이미징유닛 삼성정","엔젤에이","38610","60%","15060"
"H3PpC 엡손 T0751 호환잉크 검정 캐논정품드럼 hp정품드럼 이미징유닛 정품드럼 삼성정품드럼 오키정품드럼","엔젤에이","31200","60%","12170"
"6zMzk 캐논 Pixma IP1300 New 정품잉크 CL-41 칼라 캐논PixmaIP1600Photo 캐논PixmaIP1700 캐논PixmaIP1180","엔젤에이","160580","60%","62630"
"VVHez 브라더 BT6000BK 정품잉크 검정(6000매) DCP-T700W 순정품잉크 브라더정품드럼 가성비잉크 도매가정","엔젤에이","78800","60%","30740"
"FC1uO 엡손 디즈니 프린세스 테이프카트리지 SGR12PB-PX 문구 사무 생활 이름표 네임택","엔젤에이","84620","60%","33010"
"gda8k D30S용 마카롱 곰친들 6세트 문구 사무 탕비 생활 리빙","엔젤에이","158610","60%","61860"
"j16G6 삼성 CLT-W406 정품 폐토너통 CLX 3305FW 정품폐토너통 폐토너통 삼성정품폐토너통 CLTW406 삼성폐토","엔젤에이","63460","60%","24750"
"fjUrS 신도리코 DV-313Y 정품현상기 D422 노랑 D422 D421 D420 DV313Y CM3091 CM3031 CM2071","에스포유","1348690","60%","525990"
"C5har 삼성 CLT-W406 정품 폐토너통 CLX 3305 CLTW406 정품폐토너통 폐토너통 삼성정품폐토너통 삼성폐토너","에스포유","63970","60%","24950"
"프린터케이블 25Core 5M","펀앤쇼핑","25570","60%","9980"
"EBmTK 캐논 GI-990PBK 정품잉크 검정(135ml) PIXMA G4902 오키정품드럼 제록스정품드럼 삼성정품드럼 재생","올포유몰","94140","60%","36720"
"엡손 라벨프린터리본 SC6B 청색 흑문자","펀앤쇼핑","78330","60%","30550"
"엡손 라벨프린터 LW K460","펀앤쇼핑","1054580","60%","411290"
"엡손 라벨프린터리본 SC12Y 노랑 흑문자","펀앤쇼핑","78330","60%","30550"
"엡손 라벨프린터리본 SC12G 녹색 흑문자","펀앤쇼핑","78330","60%","30550"
"엡손 라벨프린터리본 SC12R 적색 흑문자","펀앤쇼핑","78330","60%","30550"
"엡손 라벨프린터리본 SS12K 백색 흑문자","펀앤쇼핑","78330","60%","30550"
"엡손 라벨프린터리본 ST9K 투명 흑문자","펀앤쇼핑","78330","60%","30550"
"엡손 라벨프린터리본 SD9K 흑색 백문자","펀앤쇼핑","78330","60%","30550"
"엡손 라벨프린터리본 SC9B 청색 흑문자","펀앤쇼핑","78330","60%","30550"
"엡손 라벨프린터리본 SC9G 녹색 흑문자","펀앤쇼핑","78330","60%","30550"
"엡손 라벨프린터리본 SC9R 적색 흑문자","펀앤쇼핑","78330","60%","30550"
"엡손 라벨프린터리본 ST6K 투명 흑문자","펀앤쇼핑","78330","60%","30550"
"엡손 라벨프린터리본 SS9K 백색 흑문자","펀앤쇼핑","78330","60%","30550"
"엡손 라벨프린터리본 리락쿠마 SGR12FP 분홍 흑문자","펀앤쇼핑","85780","60%","33460"
"엡손 라벨프린터리본 리락쿠마 SGR12AS 백색 흑문자","펀앤쇼핑","85780","60%","33460"
"엡손 라벨프린터리본 리락쿠마 SGR12CB 청색 흑문자","펀앤쇼핑","85780","60%","33460"
"엡손 라벨프린터리본 리락쿠마 SGR12EY 노랑 흑문자","펀앤쇼핑","85780","60%","33460"
"엡손 라벨프린터리본 ST36K 투명 흑문자","펀앤쇼핑","166560","60%","64960"
"엡손 라벨프린터리본 SC36B 청색 흑문자","펀앤쇼핑","166560","60%","64960"
"엡손 라벨프린터리본 SC36G 녹색 흑문자","펀앤쇼핑","166560","60%","64960"
"엡손 라벨프린터리본 SC36Y 노랑 흑문자","펀앤쇼핑","166560","60%","64960"
"엡손 라벨프린터리본 SC36R 적색 흑문자","펀앤쇼핑","166560","60%","64960"
"엡손 라벨프린터리본 SS36K 백색 흑문자","펀앤쇼핑","166560","60%","64960"
"브라더 라벨테이프카트리지 TZ 251 백색 흑문자 24mm","펀앤쇼핑","200940","60%","78370"
"엡손 라벨프린터리본 ST24K 투명 흑문자","펀앤쇼핑","120730","60%","47090"
"브라더 라벨테이프카트리지 TZ 641 노랑 흑문자 18mm","펀앤쇼핑","172290","60%","67200"
"엡손 라벨프린터리본 SD24K 흑색 백문자","펀앤쇼핑","120730","60%","47090"
"브라더 라벨테이프카트리지 TZ 241 백색 흑문자 18mm","펀앤쇼핑","172290","60%","67200"
"엡손 라벨프린터리본 SD24B 청색 백문자","펀앤쇼핑","120730","60%","47090"
"브라더 라벨테이프카트리지 TZ 631 노랑 흑문자 12mm","펀앤쇼핑","143650","60%","56030"
"엡손 라벨프린터리본 SC24B 청색 흑문자","펀앤쇼핑","120730","60%","47090"
"엡손 라벨프린터리본 SC24G 녹색 흑문자","펀앤쇼핑","120730","60%","47090"
"엡손 라벨프린터리본 SC24Y 노랑 흑문자","펀앤쇼핑","120730","60%","47090"
"브라더 라벨테이프카트리지 TZ 221 백색 흑문자 9mm","펀앤쇼핑","132190","60%","51560"
"엡손 라벨프린터리본 SC24R 적색 흑문자","펀앤쇼핑","120730","60%","47090"
"브라더 라벨테이프카트리지 TZ 611 노랑 흑문자 6mm","펀앤쇼핑","120730","60%","47090"
"엡손 라벨프린터리본 SS24K 백색 흑문자","펀앤쇼핑","120730","60%","47090"
"브라더 라벨테이프카트리지 TZ 211 백색 흑문자 6mm","펀앤쇼핑","120730","60%","47090"
"엡손 라벨프린터리본 ST18K 투명 흑문자","펀앤쇼핑","120730","60%","47090"
"브라더 라벨프린터 PT D200","펀앤쇼핑","831150","60%","324150"
"엡손 라벨프린터리본 SD18B 청색 백문자","펀앤쇼핑","120730","60%","47090"
"엡손 라벨프린터리본 SD18K 흑색 백문자","펀앤쇼핑","120730","60%","47090"
"엡손 라벨프린터리본 SC18B 청색 흑문자","펀앤쇼핑","120730","60%","47090"
"엡손 라벨프린터리본 SC18G 녹색 흑문자","펀앤쇼핑","96670","60%","37710"
"엡손 라벨프린터리본 SC18Y 노랑 흑문자","펀앤쇼핑","96670","60%","37710"
"엡손 라벨프린터리본 SC18R 적색 흑문자","펀앤쇼핑","96670","60%","37710"
"엡손 라벨프린터리본 SS18K 백색 흑문자","펀앤쇼핑","96670","60%","37710"
"엡손 라벨프린터리본 ST12K 투명 흑문자","펀앤쇼핑","78330","60%","30550"
"엡손 라벨프린터리본 ST12S 투명 백문자","펀앤쇼핑","78330","60%","30550"
"엡손 라벨프린터리본 SD12K 흑색 백문자","펀앤쇼핑","78330","60%","30550"
"엡손 라벨프린터리본 SD12B 청색 백문자","펀앤쇼핑","78330","60%","30550"
"엡손 라벨프린터리본 SC12B 청색 흑문자","펀앤쇼핑","78330","60%","30550"
"BdAyl 캐논 CLI-971XL 재생잉크 6색 세트(대용량) 재생드럼 hp정품드럼 정품드럼 캐논정품드럼 오키정품드","올포유몰","397160","60%","154900"
"mr127 엡손 라벨프린터리본 SS6K 백색 흑문자 라벨프린터 라벨프린터기 라벨테이프 라벨카트리지 브라더라","올포유몰","71920","60%","28050"
"4Ov7V 엡손 라벨프린터 LW-K200BL(173x109x58mm) 라벨프린터 브라더 라벨링 라벨 라벨터치","에스포유","355760","60%","138750"
"프린터케이블 25Core 10M","펀앤쇼핑","38750","60%","15120"
"펜톡 뉴펜톡 3D 필라멘트 팩 20색 5M / 133767 상세이미지참조","jjintangdy","86600","60%","33780"
"캐논 셀피 포토프린터 CP1500 CP1300 1200 910 900 파우치 그레이 포토프린터 파우치","jjintangdy","45350","60%","17690"
"IflPh 문구사무/라벨프린터리본(SGR12AS) 문구용품 사무용품 사무기기 프린터 잉크젯프린터","엔젤에이","50480","60%","19690"
"cpzaO 문구사무/라벨프린터리본(SC36Y) 문구용품 사무용품 사무기기 프린터 잉크젯프린터","에스포유","101480","60%","39580"
"nOZZx 문구사무/라벨프린터리본(SC18Y) 문구용품 사무용품 사무기기 프린터 잉크젯프린터","올포유몰","74760","60%","29160"
"(부라더) 라벨프린터 PT-H110PK (6-12mm)/라벨프린터/라벨프린트/라벨프린터기/라벨프린트기/라벨기/프린터","(주)제이아트","451320","60%","176020"
"8형 LCD 모니터 CCTV모니터 서브모니터 모니터 서브모니터 cctv모니터 lcd모니터 cctv","에스포유","746310","60%","291070"
"캐논 튜브넘버링기 M-II PRO S1 하드케이스증정 M-2 PRO S1 튜브프린터","미래프린텍","1720000","1%","1699000"
"HL-1210W 토너포함 // 무선 레이저프린터 오늘출발","None","143290","2%","139000"
"PM-401 포토프린터 프린터 잉크포함 - 엡손 공식 인증점","대한민국1번가","190720","2%","185000"
"캐논 G5090 정품무한잉크 프린터 잉크포함 당일출고","(주)마이씨앤에스","None","None","267000"
"3D펜 RP800A 도안북 무료 포함 보조배터리 가능","오픈하드웨어","None","None","45000"
"HL-T4000DW A3 정품무한잉크프린터","None","711340","2%","690000"
"페이퍼랑P2 잉크가 필요없는 미니프린터 paperang P2","지앤비_GnB","58000","3%","56000"
"손도리 고급형 3D펜 RP800A Mynt","손도리닷컴","None","None","38400"
"SLP-DX420 감열식 바코드 스티커라벨 프린터 203dpi","하이하이몰","None","None","500000"
"이지드로잉 3D펜 - 1200ah/ 필라멘트 드로잉 필름 포함","숲과나무","None","None","59800"
"브라더 TZ 테이프 TZ-421 9mm 라벨프린터테이프 라벨","같은-공간","110280","60%","43010"
"EPSON SC-P904 고화질 포토프린터 사진출력 P800 후속","None","None","None","1389000"
"EOPI 엡손 에코탱크 정품 무한잉크 프린터 L121","주식회사인스토어","143290","2%","139000"
"자동라벨분리기 LabelCombi-100 필오프 라벨콤비100","(주)우주사무기","None","None","390000"
"(빠른직구) 샤오미 미지아 포토 포켓 프린터  본품","FastEzbuy","None","None","60900"
"EPSON)라벨프린터리본(SC9Y)노랑 흑문자","같은-공간","77270","60%","30140"
"EPSON)라벨프린터리본(ST12K)투명 흑문자","같은-공간","77270","60%","30140"
"마루미르 프리투 3D펜 무선 저온 PCL C세트(핑크/블루)","마루미르3D펜","None","None","56900"
"마루미르 프리투 3D펜 무선 저온 PCL C세트(흰색/회색)","마루미르3D펜","None","None","56900"
"미지아 포켓 포토 프린터 사진 프린터기+인화지50장","CNStyle123","None","None","82500"
"엡손 라벨프린터 LW-K740WH 자판/PC 겸용 OK-730 후속","미래프린텍","None","None","189000"
"라벨프린터 B21 라벨지 A-3) 화이트 50x30mm","시노링크","9000","33%","6000"
"라벨프린터 B21 라벨지 A-7) 투명 40x30mm","시노링크","11000","27%","8000"
"SL-M2030 흑백 레이저 프린터 토너포함 당일발송","None","None","None","119000"
"NIIMBOT 라벨프린터 B21 A-4) 화이트 40x30","시노링크","9000","33%","6000"
"캐논 포토프린터 SELPHY CP1500 + RP-108 (핑크) 정품 포토앨범 증정","클릭마켓.","None","None","260000"
"엡손 라벨프린터 LW-C410 블루투스 라벨기 네임텍 샘플 테이프 포함","미래프린텍","None","None","85000"
"주머니형 포켓 라벨 테이프 A6 안내판용 30매 /보관형라벨테이브/사무/수납형라벨테이브/사무문구","이븐스토어","32380","60%","12630"
"SL-M4530ND 토너포함 흑백 레이저 프린터 양면인쇄 네트워크 +정품판매+","블루시스팀","747000","None","746600"
"엡손 라벨프린터 LW-C610 블루투스 연결형 라벨프린터","이루미컴퍼니","None","None","115000"
"(브라더) TZ-테이프 TZ-621 9mm /라벨테이프/제본테이프/라벨스티커/라벨기테이프/마스킹라벨테이프","이븐스토어","71710","60%","27970"
"(브라더) DK-테이프 DK-11209 롤29X62mm (3F.Y) /제본테이프/라벨기테이프/마스킹라벨테이프","이븐스토어","113200","60%","44150"
"삼성 SL-C513 컬러레이저프린터 SL-C51x","MD전산","None","None","150000"
"엡손 디즈니 프린세스 라벨프린터 LW-K200DB 라벨기 무료배송 행사중","라벨코리아","None","None","99000"
"손도리 필라멘트 PLA+ 일반형 01SN /3D프린터/3D프린터소모품/3D프린터필라멘트/리필필라멘트/컬러필라멘트","같은공간몰","104720","60%","40850"
"니즈 손도리 PLA 고급형 필라멘트 00SN /필라멘트/필라멘트리필/학습교구/필라멘트펜/펜/일반형3D펜","같은공간몰","104720","60%","40850"
"브라더 TZ 테이프 TZ-N221 9mm /라벨테이프/다용도라벨스티커/라벨기테이프/마스킹라벨테이프/라벨스티커","이븐스토어","82290","60%","32100"
"밀봉형 포켓 라벨 테이프 대형 정사각 30매 163x163 /보관형라벨테이브/수납비닐/라벨테이프/문구/수납문구","이븐스토어","54300","60%","21180"
"브라더 TZ 테이프 TZ-111 6mm/라벨테이프/라벨테이프/라벨프린터테이프/라벨기테이프/라벨스티커/다용도라","이븐스토어","61830","60%","24120"
"손도리 ECO 국산 PLA 1kg 인증제품 필라멘트 화이트/3D펜/펜/3D프린터/필라멘트/필라맨트/필라멘트펜/3D공","(주)제이아트","156610","60%","61080"
"지구화학 3D펜 쓰리두들러 스타트플러스 두뇌발달","펀앤쇼핑","542670","60%","211650"
"엡손 라벨프린터리본 SC9Y 노랑 흑문자","펀앤쇼핑","78330","60%","30550"
"SLP-D420 203dpi 감열식 바코드 스티커 라벨 프린터 USB타입","바코드총판","None","None","399300"
"엡손 라벨 프린터 LW-K200BL/라벨스티커/바코드만들기/라벨프린트/라벨인쇄기/라벨프린터기/라벨프린터/사","이븐스토어","360580","60%","140630"
"주머니형 포켓 라벨 테이프 폴라로이드 사진 2P 30매/라벨테이프/포켓라벨테이프/사무/문구/수납비닐/수납","이븐스토어","32100","60%","12520"
"주머니형 포켓 라벨 테이프 가로A6 30매/라벨테이프/포켓라벨테이프/사무/문구/수납비닐/수납라벨테이프/수","이븐스토어","48850","60%","19060"
"(부라더) 라벨프린터 PT-D200LB (6-12mm)/라벨프린터/라벨프린트/라벨프린터기/라벨프린트기/라벨기/프린터","이븐스토어","416880","60%","162590"
"랜스타 프린터케이블 25Core 10M/프린터케이블/프린터연결선/프린터연결케이블/프린터선/프린터전원선/프린","이븐스토어","37270","60%","14540"
"코너형 포켓 라벨 테이프 A5꽂이 30매/라벨테이프/포켓라벨테이프/사무/문구/수납비닐/수납라벨테이프/수납","이븐스토어","63040","60%","24590"
"엡손 라벨 테이프 SC18Y 노란색 18mm 5개/라벨지/라벨테이프/라벨용테이프/라벨전용테이프/스티커라벨지/스","이븐스토어","292680","60%","114150"
"엡손 라벨 테이프 ST18K 투명 18mm 5개/라벨지/라벨테이프/라벨용테이프/라벨전용테이프/스티커라벨지/스티","이븐스토어","292680","60%","114150"
"브라더 TZ 테이프 TZ-131 12mm CSY/라벨테이프/라벨테이프/라벨프린터테이프/라벨기테이프/라벨스티커/다용","이븐스토어","81590","61%","31820"
"HP 오피스젯 8210 프린터 무칩 공기계 헤드 잉크 제외","프린터바이","None","None","158000"
"시나모롤3D펜 산리오 저온 쓰리디 프린팅펜-시나모롤 패키지","개봉당","None","None","38700"
"의류 프린트기계 인쇄 제작 티셔츠 열전달 옷 다림기","구매구매팜","None","None","112400"
"캐논 셀피스퀘어 QX10 블랙 휴대용 포토프린터 핸드폰 사진 인화기 스티커사진","온라인대리점","None","None","174000"
"(필라멘트 화이트) 손도리 ECO 국산 PLA 1kg 인증제품 필라멘트 화이트/3D/프린터/소모품/재료/","투비히어로","52680","None","52160"
"(필라멘트 옐로우) 손도리 ECO 국산 PLA 1kg 인증제품 필라멘트/3D/프린터/소모품/재료/","투비히어로","57840","None","57270"
"(필라멘트 스카이블루) 손도리 ECO 국산 PLA 1kg 인증제품 필라멘트 /3D/프린터/소모품/재료/","투비히어로","57840","None","57270"
"(10M 핑크) 손도리 ECO 국산 PLA 1kg 인증제품 필라멘트 /3D/프린터/소모품/재료/","투비히어로","57840","None","57270"
"정품무한 L1300 잉크포함/A3/프린터 당일발송 - 엡손 공식 인증점","대한민국1번가","514630","2%","499200"
"CLP-415N 토너포함 컬러레이저프린터기 네트워크/정부24지원","None","None","None","1454000"
"CLP-680ND 사업자전용 컬러 레이저 프린터 +토너포함+","블루시스팀","None","None","412000"
"라벨프린터 QL-820NW 2칼라 라벨기 DK 라벨지 증정","징크몰","None","None","350000"
"CHCY 캐논 LBP623CDW 컬러레이저프린터","주식회사인스토어","None","None","399000"
"CLP-680ND 컬러레이저프린터 CLT-K506L C506L M506L","블루시스팀","400000","2%","389000"
"SL-C513W 컬러 레이저 프린터 토너포함 +오늘출발+","None","205150","2%","199000"
"엡손 라벨프린터 LW-Z5000WK 광폭라벨 50mm 인쇄","미래프린텍","581400","None","579900"
"ZEBRA 정품 ZD-421T 바코드 라벨 프린터 usb케이블포함/지브라공식점 /공식AS","(주)디씨씨앤피","None","None","450000"
"브라더 라벨프린터 QL-820NWB 유무선랜 블루투스 기능 산업용 라벨기 고속인쇄","미래프린텍","350000","None","348000"
"NIIMBOT 라벨프린터 B21 B-8) 이름표 (순환A) 40x35","시노링크","9000","33%","6000"
"에코탱크 L18050 잉크포함 정품 무한 A3+ 포토 프린터 와이파이 엡손 공식 인증점","대한민국1번가","565970","2%","549000"
"브라더 라벨프린터 PT-P900W 고속 고해상도 전문가용 라벨기 바코드프린터","미래프린텍","398000","None","395000"
" 사은품 증정  캐논 프린터 PIXMA MG2490","신세계몰","None","None","49000"
"SL-M2030 가정용 흑백레이저프린터기 인쇄기 토너포함","None","102060","2%","99000"
"무한레이저 삼성 SL-M2030 흑백 레이저 프린터","오병이어주식회사","None","None","174000"
"기타발받침대 기타무릎받침대 기타발받침 1000 6단","주식회사저스트큐","56060","59%","22430"
"PT-P700 (테이프포함) 데스크탑용 라벨프린터","None","139170","2%","135000"
"SL-M3220ND 흑백레이저프린터 네트워크 사무용 자동양면인쇄기 토너포함","삼성전자온라인몰","297930","2%","289000"
"SL-M2843DW 흑백 레이저프린터 유무선 양면 토너포함","삼성전자온라인몰","None","None","209000"
"트랜지스터 테스터 LCR 테스터기 메터 LCR-T4","주식회사저스트큐","129380","59%","51760"
"라벨기프린터 브라더 테이프카트리지 Black TZ23112mm White","주식회사저스트큐","94260","59%","37710"
"SL 재생드럼 M3825D 30000매","주식회사저스트큐","153850","60%","61540"
"욕실 세면대 붙이는 원형 벽거울 미러 벽면 부착식 3M","제이큐글로벌","127710","59%","51090"
"MFC 재생드럼 7360 검정 12000매","주식회사저스트큐","132460","59%","52990"
"신도리코 정품드럼 M416 45000매","주식회사저스트큐","590000","60%","236000"
"라벨기 라벨 무지용지 10롤 X ( 2매입 )","주식회사저스트큐","33720","59%","13490"
"호환폐토너통 SL-X3220NR CLT-W808","주식회사저스트큐","103930","59%","41580"
"CLP 재생드럼 325WK","주식회사저스트큐","396800","60%","158720"
"에폭시 수지 유리섬유 G10 1mm 그린 400x400 3D프린터","주식회사저스트큐","181760","59%","72710"
"재생드럼 SL-C483FW 24000매","주식회사저스트큐","396800","60%","158720"
"엡손 라벨 프린터 LW-K200BL/라벨스티커/바코드만들기/라벨프린트/라벨인쇄기/라벨프린터기/라벨프린터/사","밝은스토어","105080","1%","102980"
"잉크젯복합기 인쇄기 잉크복합기 석션주사기팁 HP02 950 932용-5개 X ( 2세트 )","주식회사저스트큐","48220","59%","19290"
"SL 재생드럼 C463FW 16000매","주식회사저스트큐","396800","60%","158720"
"HL 재생드럼 2170W 12000매","주식회사저스트큐","132460","59%","52990"
"재생드럼 SL-C480 24000매","주식회사저스트큐","396800","60%","158720"
"MFC 재생드럼 L5700DW 검정 50000매","주식회사저스트큐","185920","59%","74370"
"프린터기 라벨기프린터 라벨지프린터 JBiz 라벨 프린터 네임테이프 LW-K200BL","주식회사저스트큐","543360","59%","217350"
"LJ Pro MFP 재생드럼 M130fw 검정 12000매","주식회사저스트큐","207310","59%","82930"
"CLX 재생드럼 3305FN 16000매","주식회사저스트큐","396800","60%","158720"
"HL 재생드럼 L5000D 검정 50000매","주식회사저스트큐","185920","59%","74370"
"MFC 재생드럼 L5900DW 검정 50000매","주식회사저스트큐","185920","59%","74370"
"재생드럼 MF261d 검정 1700매","주식회사저스트큐","248220","59%","99290"
"재생드럼 SL-C422W 24000매","주식회사저스트큐","396800","60%","158720"
"삼성 정품폐토너통 SL-C483 CLT-W406 7000매","주식회사저스트큐","68720","59%","27490"
"삼성 SL 정품잉크 J2165W M260 검정","주식회사저스트큐","157410","59%","62970"
"폐토너통 SL C565W","주식회사저스트큐","60880","59%","24360"
"HL 재생드럼 6180DW 검정 30000매","주식회사저스트큐","175230","59%","70100"
"삼성 정품폐토너통 SL-C486FW CLT-W406 7000매","주식회사저스트큐","68720","59%","27490"
"폐토너통 SL C486","주식회사저스트큐","60880","59%","24360"
"HL 재생드럼 5350DN 검정 25000매","주식회사저스트큐","143150","60%","57260"
"CLX 재생드럼 3175NK","주식회사저스트큐","396800","60%","158720"
"재생드럼 SL-C423W 24000매","주식회사저스트큐","396800","60%","158720"
"호환폐토너통 SL-X3220NR CLT-W808","주식회사저스트큐","103930","59%","41580"
"잉크복합기 인쇄기 잉크젯복합기 DDA 재생드럼 브라더 HL-L2360DN 12K","주식회사저스트큐","100350","60%","40140"
"잉크복합기 인쇄기 잉크젯복합기 IRIS 무선 휴대용 스캐너 PC용품 Book3","주식회사저스트큐","1114700","60%","445880"
"잉크복합기 인쇄기 잉크젯복합기 삼성 재생드럼 SL M2675FN MLT-R116","주식회사저스트큐","136030","59%","54420"
"잉크젯복합기 잉크복합기 인쇄기 정품 S053057 유지보수킷200000매 AL-M400DN","주식회사저스트큐","1813130","59%","725260"
"아크릴가림막 세트10 12210","주식회사저스트큐","656720","59%","262690"
"잉크젯복합기 잉크복합기 인쇄기 삼성 재생드럼 CLX 검정+칼라 3175K CLT-R407","주식회사저스트큐","374400","60%","149760"
"라벨기프린터 라벨프린트기 프린터기 엡손 흑문자 SC12R 적색","주식회사저스트큐","81980","59%","32800"
"잉크젯복합기 잉크복합기 인쇄기 제록스 정품 CWAA0901 폐토너통83000매 C7771","주식회사저스트큐","229940","59%","91980"
"잉크복합기 잉크젯복합기 인쇄기 SL 프린터 정품 폐토너통 C470W CLT-W406","주식회사저스트큐","75350","60%","30140"
"3d프린터 펜형 엡손 라벨테이프 흑글씨 12mm SS12K.백 1갑5개","주식회사저스트큐","270430","59%","108180"
"레이저칼라복합기 레이저컬러복합기 칼라레이저복합기 영아 H49-4 분홍","주식회사저스트큐","1008590","59%","403440"
"DocuPrint 재생드럼 P225d 검정 12000매","주식회사저스트큐","175230","59%","70100"
"잉크복합기 인쇄기 잉크젯복합기 엡손 라벨테이프 SC-18B-PX 파랑","주식회사저스트큐","121280","59%","48520"
"인쇄기 잉크복합기 잉크젯복합기 CLP 프린터 정품 폐토너통 367W CLT-W406","주식회사저스트큐","75350","60%","30140"
"인쇄기 잉크젯복합기 잉크복합기 브라더 재생드럼 DR-6600","주식회사저스트큐","371450","60%","148580"
"프린터기 라벨프린터 라벨기프린터 브라더테이프카트리지TZe-335 12mm 흑색","주식회사저스트큐","134140","59%","53660"
"LJ Pro MFP 재생드럼 M148fdw 검정 23000매","주식회사저스트큐","248220","59%","99290"
"삼성 CLX 정품폐토너통 3303FW","주식회사저스트큐","62690","59%","25080"
"검정Pig 잉크테크 캐논 C905-01LB PG-40 PGI-5BK 1kg","주식회사저스트큐","72340","59%","28940"
"인쇄기 잉크젯복합기 잉크복합기 SL 프린터 정품 폐토너통 C430FW CLT-W406","주식회사저스트큐","75350","60%","30140"
"잉크젯복합기 인쇄기 잉크복합기 삼성SL-C1404W정품폐토너통","주식회사저스트큐","139000","60%","55600"
"3d프린터 오픈형 지구화학 쓰리두들러 스타트플러스 두뇌발달 3D펜","주식회사저스트큐","486370","59%","194550"
"잉크젯복합기 인쇄기 잉크복합기 라벨 프린터 OK-500P 4 6 9 12 18 24 1EA","주식회사저스트큐","687890","59%","275160"
"ZZT 재생드럼 캐논 LBP 112","주식회사저스트큐","95570","59%","38230"
"잉크복합기 인쇄기 잉크젯복합기 다이모 명찰 라벨 소형 41x89mm","주식회사저스트큐","181870","59%","72750"
"CLP 재생드럼 364 16000매","주식회사저스트큐","396800","60%","158720"
"3d프린터 오픈형 디지털 벽시계 WB-111F","주식회사저스트큐","218150","60%","87260"
"CLX 재생드럼 3170K","주식회사저스트큐","396800","60%","158720"
"3d프린터 오픈형 디지털벽시계 WB-22P","주식회사저스트큐","241740","59%","96700"
"인쇄기 잉크젯복합기 잉크복합기 삼성SL C436W정품폐토너통","주식회사저스트큐","66910","59%","26770"
"ZZT 재생드럼 HP LJ Pro Color MFP 100 M175a","주식회사저스트큐","90790","59%","36320"
"잉크복합기 인쇄기 잉크젯복합기 DDA 재생드럼 삼성 SL C515W 16K","주식회사저스트큐","280650","60%","112260"
"잉크복합기 잉크젯복합기 인쇄기 재생드럼 MFC-L6900DW DR-3455 검정","주식회사저스트큐","191860","59%","76750"
"잉크젯복합기 인쇄기 잉크복합기 SL 프린터 정품 폐토너통 C473FW CLT-W406","주식회사저스트큐","75350","60%","30140"
"잉크젯복합기 인쇄기 잉크복합기 ADV 캐논iR DX C3826이미징유닛 4색공용","주식회사저스트큐","1907580","59%","763040"
"인쇄기 잉크복합기 잉크젯복합기 정품드럼 DK-150 검정100000매 FS-1130MFP","주식회사저스트큐","961370","59%","384550"
"잉크복합기 인쇄기 잉크젯복합기 엡손 정품 WF S053049 퓨져100000매 AL-M300D","주식회사저스트큐","1890670","59%","756270"
"잉크젯복합기 인쇄기 잉크복합기 DDA 재생드럼 삼성 SL M3875 30K","주식회사저스트큐","108110","59%","43250"
"잉크복합기 잉크젯복합기 인쇄기 엡손 라벨테이프 메탈골드 SM-12Z-PX","주식회사저스트큐","93880","59%","37560"
"SL 재생드럼 M2625 9000매","주식회사저스트큐","153850","60%","61540"
"잉크복합기 잉크젯복합기 인쇄기 DDA 재생드럼 브라더 MFC L5700DNT 50K","주식회사저스트큐","108110","59%","43250"
"삼성 CLP 정품폐토너통 362","주식회사저스트큐","62690","59%","25080"
"잉크복합기 인쇄기 잉크젯복합기 CLP 프린터 정품 폐토너통 360 CLT-W406","주식회사저스트큐","75350","60%","30140"
"오픈형 3d프린터 디지털 벽시계 WB-3.0D","주식회사저스트큐","494000","60%","197600"
"잉크복합기 잉크젯복합기 인쇄기 삼성 정품드럼 MLT-R709 검정100000매 SCX-8123NA","주식회사저스트큐","1217890","59%","487160"
"재생드럼 SL-C407W 24000매","주식회사저스트큐","396800","60%","158720"
"잉크젯복합기 인쇄기 잉크복합기 삼성 정품드럼 CLT-R406 SL-C413W","주식회사저스트큐","912400","60%","364960"
"잉크젯복합기 인쇄기 잉크복합기 SL 프린터 정품 폐토너통 C422 CLT-W406","주식회사저스트큐","75350","60%","30140"
"SL 재생드럼 M2626 9000매","주식회사저스트큐","153850","60%","61540"
"라벨기프린터 프린터기 라벨프린트기 모텍스 라벨용지 일반 6열 20롤 1000매","주식회사저스트큐","81380","59%","32560"
"인쇄기 잉크젯복합기 잉크복합기 렉스마크CX410de이미징유닛 4색공용 40000매","주식회사저스트큐","2294690","59%","917880"
"삼성 CLX 정품폐토너통 3305","주식회사저스트큐","62690","59%","25080"
"인쇄기 잉크젯복합기 잉크복합기 브라더 DR-2125 재생드럼12000매","주식회사저스트큐","371450","60%","148580"
"잉크복합기 잉크젯복합기 인쇄기 재생드럼 HL-L2365DW DR-2355 검정","주식회사저스트큐","179390","59%","71760"
"인쇄기 잉크젯복합기 잉크복합기 엡손 정품 S053041 퓨져유니트100000매 C3900DN","주식회사저스트큐","1839950","60%","735980"
"3d프린터 펜형 Taichi 핫엔드 in 듀얼 Phaetus 2 1 블루 3D프린터","주식회사저스트큐","520760","59%","208310"
"오픈형 3d프린터 디지털 벽시계 WB-58F","주식회사저스트큐","503400","60%","201360"
"잉크복합기 인쇄기 잉크젯복합기 삼성SL C486W/HYP정품폐토너통","주식회사저스트큐","66910","59%","26770"
"교세라 정품드럼 FS-4300DNG DK-3130","주식회사저스트큐","1236540","59%","494620"
"라벨프린터 라벨프린트기 라벨프린터기 검정 라벨테이프흰색 5mm 4390558","주식회사저스트큐","74750","60%","29900"
"잉크젯복합기 잉크복합기 인쇄기 ADV 캐논iR C3325이미징유닛 4색공용","주식회사저스트큐","1907580","59%","763040"
"잉크복합기 잉크젯복합기 인쇄기 CLX 프린터 정품 폐토너통 3307FW CLT-W406","주식회사저스트큐","75350","60%","30140"
"ZZT 재생드럼 브라더 HL L6400DW","주식회사저스트큐","112270","59%","44910"
"인쇄기 잉크복합기 잉크젯복합기 다이모 레버아치 파일 라벨 대형 59X190mm","주식회사저스트큐","226140","59%","90460"
"잉크복합기 인쇄기 잉크젯복합기 엡손 정품 WF S053049 퓨져100000매 AL-M300DN","주식회사저스트큐","1890670","59%","756270"
"잉크젯복합기 잉크복합기 인쇄기 삼성SL C485FW정품폐토너통","주식회사저스트큐","66910","59%","26770"
"ZZT 재생드럼 삼성 CLX 3300","주식회사저스트큐","305410","59%","122170"
"잉크복합기 인쇄기 잉크젯복합기 SL 프린터 정품 폐토너통 C482 CLT-W406","주식회사저스트큐","75350","60%","30140"
"잉크젯복합기 인쇄기 잉크복합기 SL 프린터 정품 폐토너통 C482W CLT-W406","주식회사저스트큐","75350","60%","30140"
"잉크젯복합기 잉크복합기 인쇄기 SL 프린터 정품 폐토너통 C467W CLT-W406","주식회사저스트큐","75350","60%","30140"
"CLP 재생드럼 325K/HYP","주식회사저스트큐","396800","60%","158720"
"재생드럼 MFC-L2700D 검정 12000매","주식회사저스트큐","175230","59%","70100"
"인쇄기 잉크젯복합기 잉크복합기 CLX 프린터 정품 폐토너통 3303FW CLT-W406","주식회사저스트큐","75350","60%","30140"
"잉크복합기 잉크젯복합기 인쇄기 엡손 정품 Transfer Unit S053024 AL-C2800N","주식회사저스트큐","1307090","59%","522840"
"잉크복합기 잉크젯복합기 인쇄기 SL 프린터 정품 폐토너통 C472W CLT-W406","주식회사저스트큐","75350","60%","30140"
"삼성 정품폐토너통 SL-C422","주식회사저스트큐","62690","59%","25080"
"CLX 재생드럼 3180","주식회사저스트큐","396800","60%","158720"
"라벨프린트기 프린터기 라벨프린터기 엡손 라벨프린터 OK1000P","주식회사저스트큐","1934920","59%","773970"
"라벨프린터 라벨프린트기 라벨기프린터 라벨테이프노랑 검정 24mm 4390734","주식회사저스트큐","96170","59%","38470"
"펜형 3d프린터 Dargon 실리콘 핫엔드 히트블록 커버 280 블랙 X ( 2매입 )","주식회사저스트큐","39000","60%","15600"
"인쇄기 잉크젯복합기 잉크복합기 엡손 라벨테이프 흰색 SS-18K-PX 9M","주식회사저스트큐","112270","59%","44910"
"잉크젯복합기 잉크복합기 인쇄기 삼성SL M2876FD이미징유닛 검정 9000매","주식회사저스트큐","295980","59%","118400"
"SL 재생드럼 C485FW 24000매","주식회사저스트큐","396800","60%","158720"
"잉크젯복합기 인쇄기 잉크복합기 삼성SL M2676N이미징유닛 검정 9000매","주식회사저스트큐","295980","59%","118400"
"인쇄기 잉크젯복합기 잉크복합기 OKI 정품 퓨저유닛100000매 C9650","주식회사저스트큐","1824790","59%","729920"
"HL 재생드럼 2140 12000매","주식회사저스트큐","132460","59%","52990"
"잉크복합기 잉크젯복합기 인쇄기 DDA 재생드럼 브라더 MFC 7450 12K","주식회사저스트큐","91980","59%","36800"
"삼성 SL 정품폐토너통 C435","주식회사저스트큐","62690","59%","25080"
"ZZT 재생드럼 삼성 CLX 3307W","주식회사저스트큐","305410","59%","122170"
"인쇄기 잉크젯복합기 잉크복합기 SL 프린터 정품 폐토너통 C463FW CLT-W406","주식회사저스트큐","75350","60%","30140"
"펜형 아이들러 내경 너비 3d프린터 부품 2GT 20T 5mm 6mm 3d프린터 X ( 10매입 )","주식회사저스트큐","54510","59%","21810"
"인쇄기 잉크젯복합기 잉크복합기 삼성 정품드럼 4색 세트30000매 CLX-8540","주식회사저스트큐","4581800","60%","1832720"
"인쇄기 잉크젯복합기 잉크복합기 정품 포토컨덕터 S051209 칼라24000매 C3900DN","주식회사저스트큐","841850","60%","336740"
"잉크복합기 잉크젯복합기 인쇄기 엡손 정품 Fuser Unit S053025 AL-C2800N","주식회사저스트큐","1258110","59%","503250"
"인쇄기 잉크젯복합기 문구사무/EPSON라벨프린터리본SS12K백색/흑문자","주식회사저스트큐","93290","59%","37320"
"3d프린터 펜형 Dargonfly 실리콘 핫엔드 히트블록 커버 280 블랙 X ( 2매입 )","주식회사저스트큐","36080","59%","14440"
"라벨지프린트 라벨프린터 라벨기프린터 엡손 라벨프린터리본 SS18K 백색","주식회사저스트큐","100350","60%","40140"
"3d프린터 펜형 to 소켓 아답터 롬라 이터 아두이노모듈 PLCC44 DIP40 X ( 2매입 )","주식회사저스트큐","33380","59%","13360"
"펜형 3d프린터 엡손 라벨테이프18mm SD18K-px.흑/백글씨.1개","주식회사저스트큐","78830","59%","31540"
"잉크복합기 인쇄기 잉크젯복합기 다이모 직위 명찰 카드 51x89mm","주식회사저스트큐","176470","59%","70590"
"인쇄기 잉크젯복합기 잉크복합기 브라더 테이프카트리지TZe-253 24mm","주식회사저스트큐","119500","60%","47800"
"오픈형 3d프린터 아기공룡 월엘프 데코시계 아이방 인테리어 벽시계","주식회사저스트큐","78690","59%","31480"
"잉크젯복합기 인쇄기 잉크복합기 HP MFP 정품이미징유닛 M227fdn 23000매 NO.32A","주식회사저스트큐","808040","59%","323220"
"인쇄기 잉크복합기 잉크젯복합기 DDA 재생드럼 삼성 SL C483 16K","주식회사저스트큐","280650","60%","112260"
"잉크젯복합기 인쇄기 잉크복합기 엡손라벨테이프 투명 흑글씨 ST6K 6mm 5개","주식회사저스트큐","242180","59%","96880"
"삼성 SL 정품폐토너통 C485FW","주식회사저스트큐","62690","59%","25080"
"펜형 3d프린터 전류센서 측정 모듈 아두이노모듈 ACS712 20A X ( 2매입 )","주식회사저스트큐","29340","59%","11740"
"잉크복합기 인쇄기 잉크젯복합기 CLX 프린터 정품 폐토너통 3302 CLT-W406","주식회사저스트큐","75350","60%","30140"
"잉크젯복합기 잉크복합기 인쇄기 신도리코 정품이미징유닛 D422 검정","주식회사저스트큐","1353730","59%","541500"
"3d프린터 펜형 쓰리두들러 필라멘트 입체그리기 Mix1 3D고체잉크","주식회사저스트큐","59520","59%","23810"
"트랜지스터 테스터 LCR 테스터기 메터 LCR-T4","주식회사저스트큐","129380","59%","51760"
"잉크복합기 인쇄기 잉크젯복합기 엡손 라벨테이프 메탈은색 SM-18X-PX","주식회사저스트큐","134730","59%","53900"
"인쇄기 잉크젯복합기 잉크복합기 브라더HL L2375DW이미징유닛 검정 12000매","주식회사저스트큐","623230","59%","249300"
"잉크젯복합기 인쇄기 잉크복합기 엡손 라벨테이프 ST18K.18mm/투명/흑글씨.1개","주식회사저스트큐","67930","59%","27180"
"인쇄기 잉크복합기 잉크젯복합기 흑색문자 흰색 테이프카트리지TZe-241 18mm","주식회사저스트큐","106370","59%","42550"
"잉크복합기 잉크젯복합기 인쇄기 제록스 정품이미징유닛 C5580 검정","주식회사저스트큐","902480","59%","361000"
