정류소번소,정류소명,X좌표,Y좌표,정류소 타입,우편번호,주소
1001,종로2가사거리,126.987752,37.569808,중앙차로,서울특별시 종로구 종로2가 84-11,03161
1002,창경궁.서울대학교병원,126.996522,37.579433,중앙차로,서울특별시 종로구 와룡동 2-86,
1003,명륜3가.성대입구,126.998251,37.582581,중앙차로,서울특별시 종로구 명륜4가 193-2,
1004,종로2가.삼일교,126.9876131,37.56857927,중앙차로,서울특별시 종로구 관철동 268,
1005,혜화동로터리.여운형활동터,127.001744,37.586243,중앙차로,서울특별시 종로구 혜화동 56,
1006,서대문역사거리,126.966893,37.566137,중앙차로,서울특별시 종로구 평동 210,03181
1007,서울역사박물관.경희궁앞,126.97038,37.569135,중앙차로,서울특별시 종로구 신문로2가 15,03184
1008,서울역사박물관.경희궁앞,126.97076,37.569515,중앙차로,서울특별시 종로구 신문로2가 1-2,
1009,광화문,126.976357,37.570142,중앙차로,서울특별시 종로구 세종로 208,
1010,광화문,126.9778895,37.57026794,중앙차로,서울특별시 종로구 종로1가 1-3,
1011,종로1가,126.9810661,37.57014825,중앙차로,서울특별시 종로구 종로1가 54,03161
1012,종로1가,126.98163,37.570271,중앙차로,서울특별시 종로구 종로1가 54,03161
1013,종로2가,126.984991,37.57017,중앙차로,서울특별시 종로구 종로2가 1-2,03161
1014,종로2가,126.986536,37.570238,중앙차로,서울특별시 종로구 종로2가 1-2,03161
1015,종로3가.탑골공원,126.989269,37.57025677,중앙차로,서울특별시 종로구 종로2가 34-2,03140
1016,종로3가.탑골공원,126.9899878,37.57036054,중앙차로,서울특별시 종로구 종로3가 10-5,03139
1017,종로4가.종묘,126.9947219,37.570507,중앙차로,서울특별시 종로구 종로3가 45-4,03139
1018,종로4가.종묘,126.995396,37.570637,중앙차로,서울특별시 종로구 종로4가 32-8,03194
1019,종로5가.광장시장,126.999061,37.570787,중앙차로,서울특별시 종로구 종로4가 183,03130
1020,종로5가.광장시장,126.999606,37.570931,중앙차로,서울특별시 종로구 종로4가 183,03130
1021,종로6가.동대문종합시장,127.004464,37.57101,중앙차로,서울특별시 종로구 종로5가 11-2,03126
1022,종로6가.동대문종합시장,127.0057137,37.57112723,중앙차로,서울특별시 종로구 종로5가 11-2,03126
1023,동대문역.흥인지문,127.013813,37.572449,중앙차로,서울특별시 종로구 창신동 330-55,03121
1037,동대문(흥인지문),127.012453,37.572102,중앙차로,서울특별시 종로구 창신동 507-2,03119
1041,동묘앞,127.0185893,37.57385218,중앙차로,서울특별시 종로구 숭인동 140,
1044,동묘앞,127.0195286,37.57428153,중앙차로,서울특별시 종로구 숭인동 172-6,03115
1101,경기상고,126.9693635,37.58755022,일반차로,서울특별시 종로구 청운동 38-5,
1102,신교동,126.9702627,37.58329552,일반차로,서울특별시 종로구 효자동 4-2,
1103,경기상고,126.9697701,37.58719079,일반차로,서울특별시 종로구 청운동 89-9,03047
1104,경복고교,126.970884,37.58516,일반차로,서울특별시 종로구 청운동 108-5,03047
1105,청운중학교,126.972673,37.587809,일반차로,서울특별시 종로구 청운동 89-8,
1106,자하문고개.윤동주문학관,126.9671262,37.59218662,일반차로,서울특별시 종로구 청운동 3-148,
1107,자하문고개.윤동주문학관,126.9671907,37.59233532,일반차로,서울특별시 종로구 청운동 산 1-1,03048
1108,청운중학교,126.972266,37.588421,일반차로,서울특별시 종로구 청운동 산 1-1,03048
1109,경복고교,126.971404,37.585067,일반차로,서울특별시 종로구 청운동 104-1,
1110,통인시장종로구보건소,126.97105,37.5803257,일반차로,서울특별시 종로구 통인동 112-1,
1111,통인시장종로구보건소,126.9713851,37.58051321,일반차로,서울특별시 종로구 창성동 98-6,03043
1112,효자동,126.970621,37.58309104,일반차로,서울특별시 종로구 효자동 68-1,
1113,사직단.어린이도서관,126.9679907,37.57513553,일반차로,서울특별시 종로구 사직동 1-38,
1114,경복궁역1번출구,126.971415,37.576162,일반차로,서울특별시 종로구 내자동 1-1,
1115,경복궁역,126.972198,37.577038,일반차로,서울특별시 종로구 체부동 50-1,
1116,경복궁역,126.9722829,37.57767139,일반차로,서울특별시 종로구 통의동 73-1,
1117,경복궁,126.9787471,37.57557679,일반차로,서울특별시 종로구 중학동 109-1,
1118,KT광화문지사,126.9774187,37.57220974,일반차로,서울특별시 종로구 세종로 84-8,03172
1119,국립고궁박물관,126.973979,37.578928,일반차로,서울특별시 종로구 세종로 1-85,
1120,광화문,126.976408,37.570045,일반차로,서울특별시 종로구 세종로 208,
1123,서울역사박물관.경교장.강북삼성병원,126.971248,37.570023,일반차로,서울특별시 종로구 신문로2가 1-15,
1124,광화문.금호아시아나본관앞,126.972839,37.570332,일반차로,서울특별시 종로구 신문로1가 57,03182
1125,광화문,126.975837,37.570365,일반차로,서울특별시 종로구 신문로1가 5-4,03182
1126,세종문화회관,126.976997,37.573648,일반차로,서울특별시 종로구 세종로 1-68,03154
1127,서울경찰청.경복궁역,126.9714843,37.57574466,일반차로,서울특별시 종로구 내자동 113-2,03169
1128,사직단,126.968189,37.57485535,일반차로,서울특별시 종로구 사직동 9-4,
1129,광화문.광화문빌딩,126.976545,37.569495,일반차로,서울특별시 종로구 세종로 215,03186
1130,덕성여중고,126.981972,37.575768,일반차로,서울특별시 종로구 송현동 49-14,
1131,안국역.서울공예박물관,126.9839958,37.57606956,일반차로,서울특별시 종로구 안국동 175-3,03061
1132,국민은행세검정지점,126.960888,37.60466298,일반차로,서울특별시 종로구 신영동 241-7,03014
1133,세검정초등학교,126.9612198,37.60250228,일반차로,서울특별시 종로구 신영동 124-1,
1134,세검정.상명대,126.958292,37.600477,일반차로,서울특별시 종로구 홍지동 99-7,
1135,상명대입구.석파랑,126.9585702,37.59941335,일반차로,서울특별시 종로구 홍지동 125,03021
1136,하림각,126.9617068,37.59813307,일반차로,서울특별시 종로구 부암동 185-1,03021
1137,자하문터널입구.석파정,126.9636435,37.59559351,일반차로,서울특별시 종로구 부암동 162-4,
1138,부암동주민센터.무계원,126.96422,37.592766,일반차로,서울특별시 종로구 부암동 265-21,03022
1139,부암동주민센터.무계원,126.9651419,37.59278617,일반차로,서울특별시 종로구 부암동 254-4,
1140,자하문터널입구.석파정,126.9639776,37.59555757,일반차로,서울특별시 종로구 부암동 208-37,03020
1141,하림각,126.9622153,37.59814765,일반차로,서울특별시 종로구 부암동 134-2,
1142,상명대입구.세검정교회,126.9592406,37.59961633,일반차로,서울특별시 종로구 홍지동 99-7,
1143,세검정.상명대,126.959155,37.600648,일반차로,서울특별시 종로구 홍지동 93-2,03017
1144,세검정초등학교,126.9614329,37.60226807,일반차로,서울특별시 종로구 신영동 142-1,03019
1146,국민은행세검정지점,126.961195,37.604846,일반차로,서울특별시 종로구 신영동 20-1,
1148,승가사입구,126.956306,37.61158441,일반차로,서울특별시 종로구 구기동 151,03000
1149,구기동현대빌라,126.9564576,37.6100355,일반차로,서울특별시 종로구 구기동 150,03000
1150,구기터널.삼성출판박물관,126.9562103,37.60860989,일반차로,서울특별시 종로구 구기동 120-1,
1151,구기터널.삼성출판박물관,126.9564167,37.6083054,일반차로,서울특별시 종로구 구기동 110-1,03012
1152,구기동,126.9585298,37.60696445,일반차로,서울특별시 종로구 구기동 95-27,03012
1153,구기동,126.9591017,37.6070088,일반차로,서울특별시 종로구 구기동 88-20,
1154,승가사입구,126.956482,37.61148,일반차로,서울특별시 종로구 구기동 139-21,03001
1155,갑을씨티텔앞,126.963535,37.60437097,일반차로,서울특별시 종로구 평창동 288-1,
1156,평창파출소,126.9660433,37.60532237,일반차로,서울특별시 종로구 평창동 591,
1157,평창동주민센터,126.9695663,37.60660737,일반차로,서울특별시 종로구 평창동 157-4,
1158,일성아파트,126.972925,37.608873,일반차로,서울특별시 종로구 평창동 145-15,
1159,롯데아파트,126.976317,37.61039,일반차로,서울특별시 종로구 평창동 577-7,03004
1160,롯데아파트,126.976652,37.610248,일반차로,서울특별시 종로구 평창동 106-4,03010
1161,벽산평창힐스아파트,126.972797,37.60819,일반차로,서울특별시 종로구 평창동 85-2,
1162,예능교회,126.97,37.606517,일반차로,서울특별시 종로구 평창동 157-4,
1163,서울예술고등학교.평창동주민센터,126.9676276,37.60577876,일반차로,서울특별시 종로구 평창동 229-4,03011
1164,화정박물관,126.9648103,37.60450382,일반차로,서울특별시 종로구 평창동 285-1,03011
1165,강북삼성병원,126.9686005,37.56814593,일반차로,서울특별시 종로구 평동 108-1,03181
1167,독립문역.서대문형무소역사관,126.959322,37.573395,일반차로,서울특별시 종로구 무악동 89,03030
1168,서대문.서울시교육청,126.9645273,37.56825381,일반차로,서울특별시 종로구 교남동 4-1,03180
1169,서대문역사거리.적십자병원,126.9675878,37.56710815,일반차로,서울특별시 종로구 평동 171,03181
1171,독립문,126.96143,37.571342,일반차로,서울특별시 종로구 교북동 126-6,
1172,창덕궁.서울돈화문국악당,126.9885394,37.57754057,일반차로,서울특별시 종로구 운니동 98-9,
1173,서린동.SK서린빌딩,126.980095,37.569263,일반차로,서울특별시 종로구 서린동 118-3,
1174,청계1가.광교,126.9849267,37.56868439,일반차로,서울특별시 종로구 관철동 268,
1175,청계2가.수표교,126.99082,37.568442,일반차로,서울특별시 종로구 관수동 91-4,
1176,청계4가.세운교,126.996555,37.568927,일반차로,서울특별시 종로구 예지동 137-4,03194
1177,청계5가.광장시장,126.9997974,37.56945128,일반차로,서울특별시 종로구 예지동 293-1,03195
1198,원남동,126.9973383,37.57453251,가로변시간,서울특별시 종로구 원남동 95-1,
1199,창덕궁.우리소리박물관,126.988954,37.577272,일반차로,서울특별시 종로구 운니동 99,
1200,안국역.인사동,126.984133,37.575798,일반차로,서울특별시 종로구 관훈동 113,03146
1201,조계사.종로경찰서,126.9831556,37.57252231,일반차로,서울특별시 종로구 견지동 69-2,03149
1202,조계사.종로경찰서,126.9828259,37.57248581,일반차로,서울특별시 종로구 견지동 110,03150
1203,안국동,126.9827201,37.57461057,일반차로,서울특별시 종로구 견지동 32-8,
1204,종로5가.효제동.김상옥의거터,127.00223,37.5745,가로변시간,서울특별시 종로구 효제동 30-1,
1205,종로5가.효제초등학교,127.0021442,37.57287901,가로변시간,서울특별시 종로구 효제동 297-2,03129
1209,창덕궁.돈화문국악당,126.991233,37.577431,일반차로,서울특별시 종로구 권농동 116-3,
1212,종로5가,127.0021827,37.5705596,일반차로,서울특별시 종로구 종로5가 194-1,03195
1213,청계6가.동대문시장,127.0028494,37.56983511,일반차로,서울특별시 종로구 종로5가 194-1,03195
1214,동대문,127.0084126,37.57172624,일반차로,서울특별시 종로구 종로6가 89,03124
1215,충신동,127.0062788,37.57402235,일반차로,서울특별시 종로구 충신동 27-61,03123
1217,충신동,127.0063434,37.57446028,일반차로,서울특별시 종로구 충신동 27-17,03099
1218,현대그룹빌딩,127.000807,37.575912,일반차로,서울특별시 종로구 연지동 1-14,
1219,방송통신대.이화장,127.002437,37.578043,가로변전일,서울특별시 종로구 동숭동 199-41,
1220,혜화역.마로니에공원,127.0022769,37.58111949,가로변전일,서울특별시 종로구 동숭동 1-177,
1221,혜화역.서울대병원입구,127.00185,37.580957,가로변전일,서울특별시 종로구 연건동 1-3,03080
1222,방송통신대.이화장,127.001977,37.577788,일반차로,서울특별시 종로구 연건동 128,03082
1223,이화동(이화장),127.0006951,37.57611936,일반차로,서울특별시 종로구 연건동 203-5,
1224,창경궁.서울대학교병원,126.9968717,37.57882799,일반차로,서울특별시 종로구 연건동 28-37,
1225,이화동(이화장),127.0032708,37.57593729,일반차로,서울특별시 종로구 이화동 207-2,03123
1226,혜화동로터리,127.000687,37.58558,일반차로,서울특별시 종로구 혜화동 120,03075
1227,명륜동2가.성균관대입구,126.9993988,37.58333349,일반차로,서울특별시 종로구 명륜2가 194-1,03077
1228,혜화역.서울연극센터(장면총리가옥),127.0013282,37.58402281,일반차로,서울특별시 종로구 혜화동 167-3,03077
1229,혜화역.동성중고(장면총리가옥),127.0017177,37.58456977,가로변시간,서울특별시 종로구 혜화동 90-7,03083
1231,종로구민회관.창신동두산아파트,127.0155555,37.57409268,일반차로,서울특별시 종로구 창신동 74-7,
1235,동묘역앞,127.0156014,37.57168496,일반차로,서울특별시 종로구 창신동 322-1,03114
1236,동묘역앞,127.015945,37.57192215,일반차로,서울특별시 종로구 숭인동 313-17,03114
1237,청계2가교차로,126.9878779,37.5684809,일반차로,서울특별시 종로구 관철동 5-13,03191
1238,창신3동주민센터,127.015178,37.578413,일반차로,서울특별시 종로구 창신동 17-36,03094
1239,숭인1동주민센터.창신역4번출구,127.015462,37.578625,일반차로,서울특별시 종로구 숭인동 53-17,
1240,동묘역.롯데캐슬천지인,127.0158024,37.57418005,일반차로,서울특별시 종로구 숭인동 76,03113
1243,신설동로터리,127.022841,37.575695,일반차로,서울특별시 종로구 숭인동 1311,03111
1245,동묘앞,127.017524,37.573643,일반차로,서울특별시 종로구 숭인동 140,
1246,구기동현대빌라,126.956622,37.609682,일반차로,서울특별시 종로구 구기동 127-3,
1247,광장시장,126.9977438,37.5694708,일반차로,서울특별시 종로구 예지동 167-1,
1249,혜화경찰서,126.9974788,37.57258074,가로변시간,서울특별시 종로구 인의동 112-1,03137
1250,서울역사박물관.김구집무실(경교장),126.9721318,37.56990034,가로변시간,서울특별시 종로구 신문로1가 226,03184
1251,청계3가.관수교,126.9937794,37.56868879,일반차로,서울특별시 종로구 장사동 208-4,
1252,청계6가.버들다리,127.0080377,37.56993039,일반차로,서울특별시 종로구 종로6가 289-47,
1253,청계7가.맑은내다리,127.013093,37.57004,일반차로,서울특별시 종로구 창신동 436-65,03120
1254,청계8가.영도교,127.018128,37.570895,일반차로,서울특별시 종로구 창신동 400-4,03118
1256,원남동사거리,126.998113,37.575761,일반차로,서울특별시 종로구 원남동 28-4,
1262,숭인동,127.0204373,37.57427215,일반차로,서울특별시 종로구 숭인동 200-16,
1267,조계사,126.9831609,37.57280034,일반차로,서울특별시 종로구 견지동 69-2,03149
1272,세종문화회관,126.977009,37.573222,일반차로,서울특별시 종로구 세종로 1-68,03154
1277,이화동(이화장),127.002955,37.576257,일반차로,서울특별시 종로구 이화동 203,
1278,상명대정문,126.9550207,37.60161972,일반차로,서울특별시 종로구 홍지동 7-1,03016
1279,이북오도청,126.955973,37.612723,일반차로,서울특별시 종로구 구기동 232-3,
1280,경복궁역(효자로입구),126.974305,37.576715,일반차로,서울특별시 종로구 세종로 2-2,
1286,상명대입구.세검정교회,126.9597922,37.59944351,일반차로,서울특별시 종로구 홍지동 99-7,
1287,상명대입구.석파랑,126.9581941,37.59957181,일반차로,서울특별시 종로구 홍지동 99-7,
1288,종로중부새마을금고,127.0065911,37.57241749,일반차로,서울특별시 종로구 종로6가 28-8,
1289,신설동로터리.신한은행앞.서울풍물시장,127.023192,37.574258,일반차로,서울특별시 종로구 숭인동 1476,
1291,청계2가.삼일교,126.986988,37.568344,일반차로,서울특별시 종로구 관철동 268,
1292,청계8가.황학교,127.022787,37.57213073,일반차로,서울특별시 종로구 숭인동 1499,
1293,평창동삼성아파트,126.978799,37.611179,일반차로,서울특별시 종로구 평창동 596,03010
1294,안국역.인사동,126.9855365,37.57633293,일반차로,서울특별시 종로구 경운동 96-15,03147
1295,안국역.서울공예박물관,126.984888,37.576413,일반차로,서울특별시 종로구 안국동 155,
1296,창덕궁,126.9890031,37.57722809,일반차로,서울특별시 종로구 운니동 98-5,03131
1297,남인사마당,126.9874286,37.57131917,일반차로,서울특별시 종로구 인사동 63-2,
1500,평창파출소,126.9668167,37.60568122,마을버스,서울특별시 종로구 평창동 309-2,
1501,삼청공원,126.9816469,37.58822768,마을버스,서울특별시 종로구 삼청동 1-7,
1502,수성동계곡,126.964469,37.582082,마을버스,서울특별시 종로구 옥인동 181-10,
1503,명륜3가종점,126.9928637,37.59094838,마을버스,서울특별시 종로구 명륜3가 1-352,
1504,명륜새마을금고,126.996798,37.587785,마을버스,서울특별시 종로구 명륜1가 16-73,
1505,서대문3번출구,126.966397,37.566336,마을버스,서울특별시 종로구 평동 211,
1506,낙산공원,127.0087216,37.58040372,마을버스,서울특별시 종로구 창신동 615-278,
1507,인사미술공간.세탁소,126.9893671,37.58141098,마을버스,서울특별시 종로구 원서동 4-13,03057
1508,화정박물관,126.9648837,37.6048012,마을버스,서울특별시 종로구 평창동 288-1,
1509,금융연수원,126.981657,37.586641,마을버스,서울특별시 종로구 삼청동 125-6,03049
1510,박노수미술관,126.9666035,37.58099674,마을버스,서울특별시 종로구 누상동 42,03037
1511,샘미용실,126.9932227,37.59030953,마을버스,서울특별시 종로구 명륜3가 1-1077,03064
1512,서울국제고등학교,126.9972903,37.58907159,마을버스,서울특별시 종로구 명륜1가 27-59,03069
1513,화정박물관,126.9652008,37.60498061,마을버스,서울특별시 종로구 평창동 301-1,03008
1514,적십자병원후문앞,126.9652273,37.56752954,마을버스,서울특별시 종로구 교남동 4-1,03180
1515,서울성곽.성대후문,126.9896321,37.5892577,마을버스,서울특별시 종로구 명륜3가 53-52,03063
1516,빨래터.고희동미술관,126.989067,37.58299,마을버스,서울특별시 종로구 원서동 16,03051
1517,세검초등학교,126.9614908,37.60425228,마을버스,서울특별시 종로구 신영동 10-22,
1518,삼청동주민센터,126.9819072,37.58426383,마을버스,서울특별시 종로구 삼청동 97-1,
1519,통인시장,126.968753,37.580468,마을버스,서울특별시 종로구 누하동 14-4,
1520,양현관,126.9936044,37.58979142,마을버스,서울특별시 종로구 명륜3가 1-1179,03064
1521,국민생활관,126.998862,37.58974563,마을버스,서울특별시 종로구 명륜1가 31-3,03068
1522,오거리,126.9622629,37.60706212,마을버스,서울특별시 종로구 평창동 345-57,
1523,경희궁자이2.3단지,126.9640686,37.56878711,마을버스,서울특별시 종로구 교남동 55-3,03180
1524,창신쌍용2단지.한성대후문,127.0127581,37.5812648,마을버스,서울특별시 종로구 창신동 산 3-12,
1525,통일부,126.9859477,37.58759481,마을버스,서울특별시 종로구 삼청동 25-23,03050
1526,원서고개,126.9878088,37.58308055,마을버스,서울특별시 종로구 원서동 4-13,03057
1528,종로5가입구.혜화경찰서,126.997681,37.571797,마을버스,서울특별시 종로구 인의동 101-8,
1529,삼청파출소,126.981251,37.58181366,마을버스,서울특별시 종로구 팔판동 92-4,
1530,오거리.한옥마을입구,126.969561,37.579537,마을버스,서울특별시 종로구 누하동 29-4,
1531,명륜시장.성대후문,126.9952543,37.58851105,마을버스,서울특별시 종로구 명륜3가 1-808,
1532,혜화초등학교,126.9998517,37.58725323,마을버스,서울특별시 종로구 명륜1가 36-51,03068
1533,청련사입구,126.9624312,37.60798038,마을버스,서울특별시 종로구 평창동 345-103,03008
1534,영천시장,126.962735,37.570084,마을버스,서울특별시 종로구 교북동 100-3,
1535,명신초.삼선푸르지오.힐스테이트,127.0145563,37.58210621,마을버스,서울특별시 종로구 창신동 7-40,03093
1536,감사원,126.9852901,37.58621065,마을버스,서울특별시 종로구 계동 산 1-17,
1537,중앙중고,126.9869653,37.58309218,마을버스,서울특별시 종로구 계동 2-33,03057
1538,인왕빌딩,126.9577443,37.60792833,마을버스,서울특별시 종로구 구기동 120-1,
1539,종로4가.종묘공원,126.994624,37.570689,마을버스,서울특별시 종로구 종로3가 45-4,03139
1540,국립민속박물관,126.9795534,37.57925518,마을버스,서울특별시 종로구 세종로 1-63,
1541,광화문새마을금고,126.9711466,37.57936877,마을버스,서울특별시 종로구 통인동 137-15,03040
1542,새마을금고,126.9965181,37.58773706,마을버스,서울특별시 종로구 명륜3가 2-1,03071
1543,혜화우체국,127.0006137,37.58603766,마을버스,서울특별시 종로구 혜화동 110-2,03075
1544,언덕앞,126.9637922,37.60895398,마을버스,서울특별시 종로구 평창동 572,
1545,경희궁자이4단지,126.961358,37.57136,마을버스,서울특별시 종로구 교북동 35-7,
1546,종로센트레빌후문.e편한세상보문아파트,127.0161855,37.58177439,마을버스,서울특별시 종로구 숭인동 2-3,
1547,사우디대사관앞.경남빌라,126.9850312,37.58410567,마을버스,서울특별시 종로구 가회동 1-250,
1548,안국선원.삼거리,126.9849941,37.58279098,마을버스,서울특별시 종로구 가회동 1-168,
1549,구기터널입구,126.9567769,37.60820461,마을버스,서울특별시 종로구 구기동 110-22,
1550,종로3가.1.3.5호선,126.991965,37.57158,마을버스,서울특별시 종로구 묘동 20-5,03138
1551,경복궁,126.9793378,37.57695016,마을버스,서울특별시 종로구 세종로 1-58,03045
1553,소나무집,126.9641105,37.61127707,마을버스,서울특별시 종로구 평창동 556-2,
1554,독립문역3번출구,126.9597453,37.57287848,마을버스,서울특별시 종로구 교북동 1-60,
1555,청룡사.보문파크뷰자이아파트,127.0170071,37.58001895,마을버스,서울특별시 종로구 숭인동 23-5,
1556,북촌한옥마을입구.정세권활동터,126.9849422,37.58159973,마을버스,서울특별시 종로구 가회동 30-7,03052
1557,종로1.2.3.4가동주민센터,126.9911314,37.57438371,마을버스,서울특별시 종로구 와룡동 68,03134
1558,창덕궁,126.990385,37.57676,마을버스,서울특별시 종로구 와룡동 117-2,
1561,아름다운실버,126.9654637,37.61201006,마을버스,서울특별시 종로구 평창동 547-6,03006
1562,독립문초등학교,126.9607207,37.57384748,마을버스,서울특별시 종로구 무악동 46-1732,03029
1563,종로센트레빌아파트,127.0156927,37.58035344,마을버스,서울특별시 종로구 숭인동 5-60,
1564,가회동주민센터,126.984957,37.579973,마을버스,서울특별시 종로구 가회동 1-168,
1565,구기빌라,126.9579797,37.60626861,마을버스,서울특별시 종로구 구기동 55-22,
1566,원남로터리,126.9975115,37.57623737,마을버스,서울특별시 종로구 원남동 117-1,03081
1567,보현산신각,126.9657791,37.61348252,마을버스,서울특별시 종로구 평창동 545-1,03006
1568,천사유치원,126.9618604,37.57464802,마을버스,서울특별시 종로구 행촌동 210-203,03029
1569,쌍용아파트입구.창신역,127.0149636,37.58051123,마을버스,서울특별시 종로구 창신동 1-92,
1570,아름다운가게.정독도서관,126.985123,37.57895,마을버스,서울특별시 종로구 재동 38-7,
1571,산정빌라,126.9574922,37.60515199,마을버스,서울특별시 종로구 구기동 266,03012
1572,이화사거리,127.002101,37.576513,마을버스,서울특별시 종로구 연건동 218,
1573,박종화고택입구,126.9676873,37.61431026,마을버스,서울특별시 종로구 평창동 532,
1574,무악현대아파트후문,126.962001,37.57630608,마을버스,서울특별시 종로구 무악동 46-264,03026
1576,헌법재판소.안국역,126.985816,37.577387,마을버스,서울특별시 종로구 재동 62,03059
1577,청구빌라,126.956984,37.60461026,마을버스,서울특별시 종로구 구기동 266-2,
1578,서울대어린이병원응급실.갑상선센터,126.99984,37.578686,마을버스,서울특별시 종로구 연건동 28-21,03080
1580,화인빌라,126.9685386,37.61293453,마을버스,서울특별시 종로구 평창동 530-9,03005
1581,넓은마당,126.962888,37.57527281,마을버스,서울특별시 종로구 행촌동 210-65,03026
1582,창신초등학교,127.0153886,37.5769032,마을버스,서울특별시 종로구 창신동 23-825,
1583,수운회관,126.986671,37.575219,마을버스,서울특별시 종로구 경운동 88-3,
1584,상명대후문,126.9573354,37.60402558,마을버스,서울특별시 종로구 홍지동 7-1,03016
1586,힐탑,126.9690206,37.61160556,마을버스,서울특별시 종로구 평창동 523-106,03005
1587,신학대학교총회본부,126.9634446,37.57397631,마을버스,서울특별시 종로구 행촌동 1-172,
1589,낙원상가,126.987417,37.57376,마을버스,서울특별시 종로구 경운동 42,
1590,완성빌라,126.9575011,37.60340209,마을버스,서울특별시 종로구 홍지동 69-39,03016
1591,서울대병원장례식장,126.997431,37.5805554,마을버스,서울특별시 종로구 연건동 28-33,03080
1592,혜화역1번출구,127.001843,37.583485,마을버스,서울특별시 종로구 혜화동 177,
1593,감나무골공원,126.9699479,37.61240596,마을버스,서울특별시 종로구 평창동 509-1,
1594,한국사회과학자료원,126.9641433,37.57363321,마을버스,서울특별시 종로구 사직동 304-28,03028
1595,동묘역,127.0142454,37.57269435,마을버스,서울특별시 종로구 창신동 204-8,03104
1596,금강제화,126.98756,37.57057,마을버스,서울특별시 종로구 인사동 76,
1597,경진빌라,126.9578304,37.60200372,마을버스,서울특별시 종로구 홍지동 69-58,03015
1598,성균관대학교앞,126.9993359,37.58325978,마을버스,서울특별시 종로구 명륜2가 194-1,03077
1601,청와대,126.973762,37.582971,일반차로,서울특별시 종로구 세종로 1-39,
1602,춘추문,126.979657,37.583126,일반차로,서울특별시 종로구 팔판동 115-42,
1603,경복궁.국립민속박물관,126.97959,37.579407,일반차로,서울특별시 종로구 세종로 1-61,
1604,효자로입구(가상),126.9744334,37.57626474,가상정류장,서울특별시 종로구 세종로 1-57,03045
1607,EN갤러리,126.970607,37.613411,마을버스,서울특별시 종로구 평창동 510,
1615,성균관대정문,126.99662,37.584957,마을버스,서울특별시 종로구 명륜3가 53,03063
1616,600주년기념관,126.993942,37.587329,마을버스,서울특별시 종로구 명륜3가 53-21,03063
1617,성균관대운동장,126.99237,37.587863,마을버스,서울특별시 종로구 명륜3가 53-21,03063
1618,학생회관,126.993738,37.587445,마을버스,서울특별시 종로구 명륜3가 53-21,03063
1667,종로문화센터,126.9646262,37.57464708,마을버스,서울특별시 종로구 사직동 284-1,03028
1682,동대문역.2번출구,127.0117218,37.57204945,마을버스,서울특별시 종로구 창신동 442-1,03119
1683,종각역YMCA,126.985096,37.570379,마을버스,서울특별시 종로구 종로2가 9,03164
1684,서교빌라,126.9571554,37.60198906,마을버스,서울특별시 종로구 홍지동 69-14,
1685,경복궁역,126.9724733,37.57707221,마을버스,서울특별시 종로구 통의동 139,
1697,성대입구,126.998853,37.5832668,마을버스,서울특별시 종로구 명륜2가 195-12,
1698,무애사,126.9718458,37.61390043,마을버스,서울특별시 종로구 평창동 488-1,03004
1699,단군성전앞,126.9653175,37.57556009,마을버스,서울특별시 종로구 사직동 262-27,03028
1702,동대문종합시장,127.00496,37.571212,마을버스,서울특별시 종로구 종로5가 11-2,03126
1714,상명초등학교,126.9567154,37.60092381,마을버스,서울특별시 종로구 홍지동 19-2,
1720,법련사,126.9796651,37.57658798,마을버스,서울특별시 종로구 사간동 122-2,
1721,광화문새마을금고,126.9710277,37.57949309,마을버스,서울특별시 종로구 통인동 133-2,
1722,성균관대학교,126.996857,37.586047,마을버스,서울특별시 종로구 명륜1가 84-1,
1723,참샘골공원,126.974255,37.614612,마을버스,서울특별시 종로구 평창동 475-1,03004
1724,활터앞,126.9653294,37.57681261,마을버스,서울특별시 종로구 사직동 산 1-11,03027
1725,종로5가.3번출구,127.0020898,37.57141925,마을버스,서울특별시 종로구 종로5가 78,03126
1727,인사동들머리.3.1독립선언터,126.983297,37.57194702,마을버스,서울특별시 종로구 공평동 17,03161
1728,정독도서관,126.980074,37.580262,마을버스,서울특별시 종로구 소격동 57-2,
1729,오거리.한옥마을입구,126.9697393,37.57946844,마을버스,서울특별시 종로구 통인동 74-1,
1732,평창공원지킴터입구,126.9757439,37.6163964,마을버스,서울특별시 종로구 평창동 446-1,
1733,창경궁.고궁호텔.메이플레이스호텔,126.9974492,37.57655816,일반차로,서울특별시 종로구 원남동 118-1,03081
1762,광화문,126.975569,37.570337,가로변시간,서울특별시 종로구 신문로1가 5-4,03182
1763,종로1가,126.980129,37.57037,가로변시간,서울특별시 종로구 종로1가 54,03161
1766,종로2가,126.986463,37.570083,가로변시간,서울특별시 종로구 종로2가 84-11,03161
1767,종로3가,126.99321,37.570635,일반차로,서울특별시 종로구 종로3가 45-4,03139
1768,종로3가,126.9909932,37.57010243,가로변전일,서울특별시 종로구 종로3가 119,03192
1769,종로4가,126.996252,37.57047,가로변시간,서울특별시 종로구 종로4가 32-8,03194
1771,동대문종합시장종로6가,127.003292,37.570862,가로변시간,서울특별시 종로구 종로5가 194-1,03195
1776,종로도서관,126.9671252,37.57648423,마을버스,서울특별시 종로구 사직동 1-28,03027
1777,경복궁역,126.9715056,37.57617809,일반차로,서울특별시 종로구 내자동 1-1,
1778,경복궁역,126.97168,37.575816,일반차로,서울특별시 종로구 내자동 75-4,
1779,안국역,126.9852296,37.57661375,일반차로,서울특별시 종로구 안국동 148,03060
1780,안국역,126.985506,37.57631851,일반차로,서울특별시 종로구 경운동 96-15,03147
1781,창덕궁,126.988901,37.577519,일반차로,서울특별시 종로구 운니동 98-7,
1782,성대입구,126.999229,37.583283,일반차로,서울특별시 종로구 명륜2가 190-1,
1790,종로사우나,126.9877504,37.57380111,마을버스,서울특별시 종로구 낙원동 260-1,
1791,엄마분식,126.9557163,37.60124243,마을버스,서울특별시 종로구 홍지동 20-2,03015
1792,삼청파출소,126.9813258,37.58164517,마을버스,서울특별시 종로구 화동 61,03053
1793,통인시장.종로구보건소,126.9687505,37.58033503,마을버스,서울특별시 종로구 누하동 17,03036
1794,종로5가역,127.0000249,37.57067136,마을버스,서울특별시 종로구 종로4가 182,03195
1795,평창동산림제3초소,126.977104,37.617356,마을버스,서울특별시 종로구 평창동 442-1,
1796,배화여중고,126.9678157,37.57675563,마을버스,서울특별시 종로구 사직동 1-28,03027
1797,대학로입구.이화사거리,127.0025802,37.57598417,마을버스,서울특별시 종로구 연건동 187-22,
1798,운현궁,126.9869814,37.57527161,마을버스,서울특별시 종로구 운니동 114-7,03131
1799,상명대입구,126.9569583,37.60002101,마을버스,서울특별시 종로구 홍지동 47-9,
1800,삼청동주민센터,126.9822105,37.58468468,마을버스,서울특별시 종로구 삼청동 62-46,
1801,박노수미술관,126.9668945,37.58102656,마을버스,서울특별시 종로구 누상동 67-2,
1802,김창열.윤명로화실,126.9783685,37.616305,마을버스,서울특별시 종로구 평창동 412-14,
1803,사직공원.경복궁역입구,126.9689039,37.57622069,마을버스,서울특별시 종로구 사직동 1-28,03027
1804,충신시장,127.0054049,37.57497665,마을버스,서울특별시 종로구 충신동 35-7,03123
1805,안국역2번출구앞,126.9861183,37.57717282,마을버스,서울특별시 종로구 재동 62,03059
1807,금융연수원,126.9818479,37.58587767,마을버스,서울특별시 종로구 삼청동 28-2,
1809,감람산기도원,126.979873,37.61594393,마을버스,서울특별시 종로구 평창동 411-6,03003
1810,카센터.터널앞,126.9658593,37.57416446,마을버스,서울특별시 종로구 사직동 254-6,
1812,재동초등학교,126.9853617,37.57879109,마을버스,서울특별시 종로구 재동 62,03059
1814,삼청공원삼거리.옥호정터,126.9817445,37.58741852,마을버스,서울특별시 종로구 삼청동 125-6,03049
1815,이화사거리,127.0022813,37.57532007,마을버스,서울특별시 종로구 연건동 190-29,
1816,연화정사,126.9794938,37.614649,마을버스,서울특별시 종로구 평창동 417-5,03003
1817,대신중고,126.9616893,37.57261781,마을버스,서울특별시 종로구 행촌동 171-16,
1819,현대사거리,126.987,37.579306,마을버스,서울특별시 종로구 계동 140-54,
1820,교남동주민센터,126.96128,37.5721523,마을버스,서울특별시 종로구 교북동 126-2,03165
1821,부암동주민센터.무계원,126.9637682,37.59293534,마을버스,서울특별시 종로구 부암동 278-16,03022
1823,형제봉입구,126.9816862,37.61286432,마을버스,서울특별시 종로구 평창동 425-22,
1824,교남동새마을금고,126.9623375,37.57149436,마을버스,서울특별시 종로구 교북동 101,03165
1825,창신초교,127.0157201,37.57603721,마을버스,서울특별시 종로구 숭인동 63-1,03109
1826,가회동주민센터,126.9851294,37.57994265,마을버스,서울특별시 종로구 가회동 210,03056
1827,볼링장,126.98817,37.579317,마을버스,서울특별시 종로구 원서동 136-1,
1829,부암슈퍼,126.9638602,37.59476007,마을버스,서울특별시 종로구 부암동 219-2,03020
1830,지구촌교회,126.979238,37.613106,마을버스,서울특별시 종로구 평창동 430-12,03003
1831,월암공원,126.964693,37.571226,마을버스,서울특별시 종로구 홍파동 199-6,
1832,숭인1동주민센터,127.0155607,37.577415,마을버스,서울특별시 종로구 숭인동 55-6,03108
1833,북촌한옥마을입구.정세권활동터,126.9851687,37.58128077,마을버스,서울특별시 종로구 가회동 177-7,03056
1835,하림각,126.9629664,37.59768473,마을버스,서울특별시 종로구 부암동 134-2,
1836,보현빌라,126.978421,37.615382,마을버스,서울특별시 종로구 평창동 440-7,03003
1837,스위스대사관,126.965696,37.570137,마을버스,서울특별시 종로구 송월동 145-8,
1839,안국선원.삼거리,126.9852205,37.58274325,마을버스,서울특별시 종로구 가회동 15,03056
1840,세검정교회,126.960029,37.599386,마을버스,서울특별시 종로구 홍지동 99-7,
1841,혜화동로터리,127.0010032,37.58591961,마을버스,서울특별시 종로구 혜화동 96-1,
1842,김종영미술관,126.9781123,37.61326379,마을버스,서울특별시 종로구 평창동 436-1,03004
1843,서울시교육청,126.966702,37.569383,마을버스,서울특별시 종로구 평동 26-1,
1844,창신쌍용1단지.종로센트레빌아파트,127.0155693,37.58032282,마을버스,서울특별시 종로구 숭인동 5-60,
1845,사우디대사관,126.9852486,37.58386331,마을버스,서울특별시 종로구 가회동 1-161,
1846,상명대입구,126.9574023,37.59985447,마을버스,서울특별시 종로구 홍지동 72-7,
1847,혜화초등학교,126.9999909,37.58738929,마을버스,서울특별시 종로구 혜화동 16-23,
1849,강북삼성병원,126.9683377,37.56853152,마을버스,서울특별시 종로구 평동 60,03181
1850,청룡사.보문파크뷰자이아파트,127.0171509,37.57978465,마을버스,서울특별시 종로구 숭인동 26-12,03108
1851,감사원,126.9855618,37.58626565,마을버스,서울특별시 종로구 계동 1-27,
1852,국민생활관,126.9993138,37.5896276,마을버스,서울특별시 종로구 혜화동 13-6,
1855,종로센트레빌후문.e편한세상보문아파트,127.015935,37.581911,마을버스,서울특별시 성북구 보문동3가 225-285,
1856,통일부,126.9861073,37.58753085,마을버스,서울특별시 종로구 계동 산 1-1,03051
1858,서울국제고등학교,126.9971408,37.58907429,마을버스,서울특별시 종로구 명륜1가 7-18,
1860,성대후문.와룡공원,126.989734,37.58915228,마을버스,서울특별시 종로구 명륜3가 53-52,03063
1861,상명초등학교,126.9568174,37.60090493,마을버스,서울특별시 종로구 홍지동 70,03015
1862,새마을금고,126.996569,37.58784069,마을버스,서울특별시 종로구 명륜1가 15,03070
1863,경진빌라,126.9579482,37.60186409,마을버스,서울특별시 종로구 홍지동 69-49,03015
1864,명륜시장.성대후문,126.9952305,37.58872461,마을버스,서울특별시 종로구 명륜3가 1-211,03070
1865,완성빌라,126.9576665,37.60333997,마을버스,서울특별시 종로구 홍지동 69-8,03013
1866,양현관,126.9937686,37.589768,마을버스,서울특별시 종로구 명륜3가 1-1179,03064
1868,상명대후문,126.9574634,37.60407158,마을버스,서울특별시 종로구 구기동 40,03013
1869,샘미용실,126.9934084,37.59025457,마을버스,서울특별시 종로구 명륜3가 1-352,
1870,산정빌라,126.9575782,37.60528358,마을버스,서울특별시 종로구 구기동 41-1,
1872,구기빌라,126.9579809,37.60613345,마을버스,서울특별시 종로구 구기동 55-13,03013
1873,마트앞,126.9587565,37.60669871,마을버스,서울특별시 종로구 구기동 56-1,03013
1874,국민은행.세검정지점,126.960876,37.604952,마을버스,서울특별시 종로구 신영동 240-2,
1876,혜화역4번출구,127.001555,37.583509,마을버스,서울특별시 종로구 명륜4가 10-1,
1877,방송통신대앞,127.0019927,37.57869736,마을버스,서울특별시 종로구 연건동 72-1,
1878,서울대치과대학,126.997802,37.577411,마을버스,서울특별시 종로구 연건동 28-22,03080
1879,효제초교.연동교회.김마리아활동터,127.0022088,37.57364134,마을버스,서울특별시 종로구 효제동 67-2,
1881,성균관대학교,126.9900036,37.58846387,마을버스,서울특별시 종로구 명륜3가 53-21,03063
1882,독립문역,126.9594078,37.57328385,마을버스,서울특별시 종로구 무악동 47-32,
1883,서울대치과대학,126.99787,37.577572,마을버스,서울특별시 종로구 연건동 28-22,03080
1886,이화사거리,127.0020085,37.57694834,마을버스,서울특별시 종로구 연건동 128-9,03082
1887,서울대학교병원현관.암병원현관,126.9981568,37.57895147,마을버스,서울특별시 종로구 연건동 28-21,03080
1888,종각.공평유적전시관,126.9832427,37.57159379,마을버스,서울특별시 종로구 공평동 17,03161
1889,조계사,126.9831364,37.57360211,마을버스,서울특별시 종로구 견지동 68-25,
1901,동대문역JW메리어트동대문호텔,127.009186,37.570859,일반차로,서울특별시 종로구 종로6가 94-1,03198
1902,대학로,127.0021204,37.58189612,일반차로,서울특별시 종로구 동숭동 1-13,
1903,창경궁,126.9964163,37.57915963,일반차로,서울특별시 종로구 와룡동 2-1,03072
1904,창덕궁,126.9901776,37.57753017,일반차로,서울특별시 종로구 와룡동 2-110,
1905,인사동.북촌,126.9837978,37.57589502,일반차로,서울특별시 종로구 안국동 175-92,
1906,경복궁.국립민속박물관,126.9794465,37.5794474,일반차로,서울특별시 종로구 세종로 1-1,03045
1907,세종문화회관,126.977004,37.573219,일반차로,서울특별시 종로구 세종로 1-68,03154
1910,통인시장,126.9713316,37.57911876,일반차로,서울특별시 종로구 통인동 112-1,
1911,세종문화회관,126.977017,37.573219,일반차로,서울특별시 종로구 세종로 1-68,03154
1912,종각역,126.9828944,37.56937996,일반차로,서울특별시 종로구 서린동 1-11,
1913,인사동.탑골공원,126.9888006,37.57011554,일반차로,서울특별시 종로구 종로2가 84-11,03161
1914,종묘.세운상가,126.9935557,37.57035485,일반차로,서울특별시 종로구 종로3가 45-4,03139
1915,광장시장,126.9996734,37.57062373,일반차로,서울특별시 종로구 종로4가 169-1,03195
1916,동묘.숭인동도깨비시장,127.0180439,37.5734766,일반차로,서울특별시 종로구 숭인동 238-1,03115
1917,서울풍물시장,127.0231781,37.57334003,일반차로,서울특별시 종로구 숭인동 1476,
1918,청와대,126.97376,37.58268481,일반차로,서울특별시 종로구 세종로 1-39,
2001,남대문세무서.서울백병원,126.9875299,37.56498481,중앙차로,서울특별시 중구 저동1가 46,
2002,서울백병원.국가인권위.안중근활동터,126.9878515,37.56435047,중앙차로,서울특별시 중구 저동1가 1-4,04551
2003,서울역버스환승센터,126.9722571,37.55514602,중앙차로,서울특별시 중구 봉래동2가 122-27,04509
2004,서울역버스환승센터,126.9725951,37.55538899,중앙차로,서울특별시 중구 봉래동2가 125,04527
2005,서울역버스환승센터,126.9727617,37.5553877,중앙차로,서울특별시 중구 봉래동2가 125,04527
2006,서울역버스환승센터,126.9728548,37.55547941,중앙차로,서울특별시 중구 봉래동2가 125,04527
2007,서울역버스환승센터.강우규의거터,126.972926,37.555411,중앙차로,서울특별시 중구 봉래동2가 125,04527
2008,숭례문,126.9737784,37.55863886,중앙차로,서울특별시 중구 남대문로5가 3-8,04512
2099,숭례문(가상),126.9743556,37.55979677,가상정류장,서울특별시 중구 봉래동1가 1-2,
2100,서울시청,126.9806321,37.56613826,일반차로,서울특별시 중구 을지로1가 50-1,04533
2101,만리동고개,126.9626582,37.55178706,일반차로,서울특별시 중구 만리동2가 226-2,
2102,손기정체육공원입구,126.9662339,37.55444595,일반차로,서울특별시 중구 만리동2가 33-1,
2103,서울의료보건고등학교.서울역서부,126.968902,37.555848,일반차로,서울특별시 중구 만리동1가 22-1,04528
2104,서울역서부,126.969153,37.556235,일반차로,서울특별시 중구 만리동1가 12-3,04528
2105,서울역서부,126.969212,37.557133,일반차로,서울특별시 중구 중림동 106-3,04528
2106,중림동교차로,126.9691354,37.55838363,일반차로,서울특별시 중구 중림동 128-31,
2107,종근당.충정로역,126.964543,37.559648,일반차로,서울특별시 중구 중림동 156-151,
2108,한국경제신문사.서소문역사공원,126.967868,37.56021115,일반차로,서울특별시 중구 중림동 471,04505
2109,한국경제신문사.서소문역사공원,126.9681135,37.56062347,일반차로,서울특별시 중구 중림동 351,04510
2110,경찰청.동북아역사재단,126.9691267,37.56304949,일반차로,서울특별시 중구 의주로1가 180-1,04517
2111,장충동써미트호텔,127.00667,37.562273,일반차로,서울특별시 중구 장충동1가 31-7,04614
2113,서대문경찰서.농협은행.유관순활동터,126.9677868,37.56490628,일반차로,서울특별시 중구 의주로1가 1-3,
2116,염천교,126.973113,37.559869,일반차로,서울특별시 중구 봉래동1가 25,04511
2117,숭례문,126.973359,37.558401,일반차로,서울특별시 중구 남대문로5가 6-3,04512
2118,숭례문.한국일보,126.9737376,37.55877131,일반차로,서울특별시 중구 남대문로5가 3-8,04512
2120,후암삼거리,126.975993,37.553408,일반차로,서울특별시 중구 남대문로5가 803,
2121,숭례문,126.9743627,37.55876338,일반차로,서울특별시 중구 남대문로5가 1-6,04527
2122,숭례문,126.9740437,37.55841953,일반차로,서울특별시 중구 남대문로5가 84-15,04528
2123,숭례문,126.9736279,37.55800065,일반차로,서울특별시 중구 남대문로5가 84-15,04528
2124,남대문시장악세사리전문상가,126.976,37.558873,일반차로,서울특별시 중구 남창동 52-4,
2125,숭례문남산방향,126.9756721,37.55855816,일반차로,서울특별시 중구 남대문로5가 120,04527
2126,남대문시장,126.9800598,37.56119108,일반차로,서울특별시 중구 회현동1가 202-215,
2127,북창동.남대문시장,126.978282,37.56123,가로변시간,서울특별시 중구 남대문로3가 13-3,04528
2128,시청앞,126.976443,37.562197,일반차로,서울특별시 중구 태평로2가 113-1,04533
2131,삼성본관앞,126.9759075,37.56205175,일반차로,서울특별시 중구 태평로2가 280,04514
2132,시청앞,126.9761487,37.56276421,일반차로,서울특별시 중구 태평로2가 310,04514
2133,서소문,126.974652,37.563191,일반차로,서울특별시 중구 서소문동 75-1,04513
2135,시청.서소문청사,126.9749539,37.56352484,일반차로,서울특별시 중구 서소문동 42-3,04515
2137,서울신문사,126.9773647,37.56836329,일반차로,서울특별시 중구 태평로1가 84-1,
2139,우리은행종로지점,126.9829289,37.567519,가로변시간,서울특별시 중구 남대문로1가 48-6,
2140,롯데백화점,126.982205,37.56451,가로변전일,서울특별시 중구 남대문로2가 9-9,04532
2141,해운센터.롯데영프라자,126.9815478,37.56289078,가로변시간,서울특별시 중구 남대문로2가 118,04532
2142,롯데영프라자,126.982008,37.562885,가로변전일,서울특별시 중구 남대문로2가 23-4,04535
2144,신세계백화점,126.981432,37.561128,일반차로,서울특별시 중구 충무로1가 52-4,04535
2145,남대문시장.회현역,126.9777651,37.55826752,일반차로,서울특별시 중구 남창동 64-1,04529
2146,남대문시장.회현역,126.9784645,37.55849203,일반차로,서울특별시 중구 남창동 123-3,04634
2147,남산3호터널,126.98274,37.558312,일반차로,서울특별시 중구 회현동2가 89,04632
2148,남산3호터널.서울애니메이션센터,126.9826359,37.55952609,일반차로,서울특별시 중구 회현동2가 73,04535
2149,명동역4번출구,126.984917,37.560657,일반차로,서울특별시 중구 남산동1가 1-1,04629
2150,퇴계로2가.명동역5번출구,126.984362,37.56093,일반차로,서울특별시 중구 충무로1가 24-1,04536
2151,퇴계로3가.한옥마을.한국의집,126.9917772,37.56125082,가로변전일,서울특별시 중구 필동1가 19-3,04554
2152,퇴계로3가.한옥마을.한국의집,126.99241,37.560902,가로변시간,서울특별시 중구 필동1가 37-3,04627
2153,충무로역2번출구.대한극장앞,126.994728,37.561238,가로변전일,서울특별시 중구 필동2가 16-2,04625
2154,충무로역8번출구.대한극장앞,126.9964922,37.56203716,가로변전일,서울특별시 중구 충무로4가 99-9,
2155,초동,126.993112,37.56334618,일반차로,서울특별시 중구 인현동1가 138-2,04556
2156,을지로입구.로얄호텔,126.9853903,37.56587574,일반차로,서울특별시 중구 을지로2가 181,04538
2157,을지로입구.시청입구,126.9811712,37.56613826,일반차로,서울특별시 중구 을지로1가 100-1,04533
2158,을지로2가.기업은행본점.서울노동청,126.9865234,37.56624623,일반차로,서울특별시 중구 을지로2가 55-7,04542
2159,을지로2가.파인에비뉴,126.98867,37.566072,일반차로,서울특별시 중구 을지로2가 149-10,04542
2160,을지로3가,126.990263,37.566375,일반차로,서울특별시 중구 을지로3가 335-1,04543
2161,을지로3가,126.9913276,37.56612052,일반차로,서울특별시 중구 을지로3가 334-5,04550
2162,을지로4가,126.995933,37.566687,일반차로,서울특별시 중구 을지로4가 17-4,04545
2163,을지로4가.베스트웨스턴국도,126.9968473,37.56640104,일반차로,서울특별시 중구 을지로4가 323,04548
2164,중구청앞.덕수중학교,126.9981401,37.5647746,일반차로,서울특별시 중구 예관동 43-6,04548
2165,방산시장.을지로4가역6번출구,126.9992585,37.56681829,일반차로,서울특별시 중구 을지로4가 125-2,
2166,을지로5가.중부시장,127.001115,37.56662004,일반차로,서울특별시 중구 을지로5가 270-1,04547
2167,방산시장.훈련원종합체육관,127.0024045,37.56796085,일반차로,서울특별시 중구 방산동 79-3,04562
2168,을지로5가.훈련원종합체육관,127.0025946,37.56582435,일반차로,서울특별시 중구 을지로5가 275-4,04561
2169,을지로6가.국립중앙의료원,127.006233,37.566173,일반차로,서울특별시 중구 을지로6가 55-5,04562
2170,광희동,127.0072097,37.56505283,일반차로,서울특별시 중구 광희동1가 186-1,04561
2171,광희동,127.00772,37.565171,일반차로,서울특별시 중구 을지로7가 134-2,04565
2172,을지로6가.국립중앙의료원,127.0058435,37.56646311,일반차로,서울특별시 중구 을지로6가 18-20,04564
2173,동대문역사문화공원,127.0083555,37.56735414,일반차로,서울특별시 중구 을지로6가 18-20,04564
2174,동대문역사문화공원,127.00917,37.567483,일반차로,서울특별시 중구 을지로7가 143,04566
2177,충무아트센터.스포츠센터.중부소방서,127.013527,37.565168,가로변전일,서울특별시 중구 신당동 224-22,
2178,충무아트센터.스포츠센터.중부소방서,127.0147409,37.56501789,가로변시간,서울특별시 중구 신당동 247-2,04611
2179,성동공업고등학교(무궁화회관),127.0157558,37.56834819,일반차로,서울특별시 중구 흥인동 161,04568
2180,성동공업고등학교앞,127.0161295,37.56869506,일반차로,서울특별시 중구 흥인동 1-1,04571
2181,신당역.중앙시장앞,127.0187427,37.56572828,가로변시간,서울특별시 중구 황학동 757,04576
2182,신당역.중앙시장앞,127.0194795,37.56549207,가로변전일,서울특별시 중구 신당동 130-22,04577
2183,성동고등학교,127.022183,37.565595,가로변시간,서울특별시 중구 황학동 2475,04575
2184,성동고등학교,127.022398,37.56524,가로변시간,서울특별시 중구 신당동 160-29,04579
2187,신당동떡볶이타운.중구여성플라자,127.015095,37.562798,일반차로,서울특별시 중구 신당동 292-8,
2188,신당동떡볶이타운.중구여성플라자,127.0151909,37.56231004,일반차로,서울특별시 중구 신당동 292-47,04586
2189,신당동.청구역,127.0132161,37.5589483,일반차로,서울특별시 중구 신당동 330-17,04589
2190,신당동.청구역,127.0130317,37.5592574,일반차로,서울특별시 중구 신당동 336-2,
2191,약수역2번출구.가온도서관,127.011043,37.555794,일반차로,서울특별시 중구 신당동 374-18,
2192,약수역3번출구.약수하이츠,127.0113797,37.55574961,일반차로,서울특별시 중구 신당동 369-22,04590
2193,약수역4번출구.금호터널입구,127.012012,37.553399,일반차로,서울특별시 중구 신당동 373-26,
2194,약수역5번출구.금호터널입구,127.0118693,37.55292373,일반차로,서울특별시 중구 신당동 372-31,04596
2195,약수역8번출구.신당사회복지관,127.0099567,37.55386465,일반차로,서울특별시 중구 신당동 369-2,04598
2196,약수역7번출구.약수동주민센터,127.0092978,37.55285097,일반차로,서울특별시 중구 신당동 366-45,04597
2197,송도병원앞,127.0077187,37.55026765,일반차로,서울특별시 중구 신당동 366-464,
2198,송도병원앞,127.0073984,37.55022712,일반차로,서울특별시 중구 신당동 432-706,
2199,약수역1번출구,127.009758,37.556253,일반차로,서울특별시 중구 신당동 422-7,
2201,장충체육관앞,127.008065,37.558336,일반차로,서울특별시 중구 장충동1가 117-1,
2202,장충체육관앞,127.0078282,37.55800173,일반차로,서울특별시 중구 장충동2가 200-1,04605
2203,장충동.동국대입구,127.0058213,37.56058093,일반차로,서울특별시 중구 장충동1가 62-97,
2204,장충동.동국대입구,127.0056291,37.56066639,일반차로,서울특별시 중구 장충동1가 56-2,
2205,퇴계로6가,127.0039011,37.56340113,일반차로,서울특별시 중구 쌍림동 146-43,
2206,퇴계로6가,127.003375,37.56353,일반차로,서울특별시 중구 쌍림동 146-43,
2207,퇴계로5가,126.999966,37.56238041,가로변전일,서울특별시 중구 묵정동 32-1,04619
2208,퇴계로5가,126.9997252,37.56278042,가로변전일,서울특별시 중구 충무로5가 20-27,04559
2209,국립극장.반얀트리호텔,127.0010947,37.55148182,일반차로,서울특별시 중구 장충동2가 산 14-59,
2210,국립극장.반얀트리호텔,127.000752,37.551535,일반차로,서울특별시 중구 장충동2가 산 14-56,
2211,청구역,127.0146561,37.55996006,일반차로,서울특별시 중구 신당동 294-2,04608
2212,청구역,127.0142192,37.55993038,일반차로,서울특별시 중구 신당동 294-19,04589
2213,동화동,127.018124,37.560025,일반차로,서울특별시 중구 신당동 852-4,
2214,동화동,127.0182737,37.55981268,일반차로,서울특별시 중구 신당동 843-4,
2215,백범광장,126.980093,37.555737,일반차로,서울특별시 중구 회현동1가 100-176,
